student_id,student_name,student_email,course_id,course_name,course_load,course_submission_count,course_late_ratio,early_avg_grade,early_submission_count,early_late_ratio,active_weeks_early,early_grade_stddev,early_grade_trend,avg_delay_hours,submissions_last_14d,submissions_last_30d,assignment_completion_ratio,course_final_avg,is_at_risk
5,Nguyễn Văn An,student100@example.com,1,Khóa học JavaScript,99,23,0.5652173913043478,6.207142857142856,14,0.5,7,0.3712224702910366,-2.655936219882791e-07,50.357142857142854,4,6,0.7666666666666667,5.699999999999998,0
5,Nguyễn Văn An,student100@example.com,2,Khóa học Java,99,25,0.56,6.34,15,0.5333333333333333,5,0.5339163480046912,-2.4319202347395403e-07,51.333333333333336,1,6,0.8333333333333334,5.82,0
5,Nguyễn Văn An,student100@example.com,3,Khóa học Python,99,27,0.48148148148148145,6.1764705882352935,17,0.5882352941176471,6,0.6053967214244046,-4.98397923892863e-07,63.470588235294116,1,7,0.9,5.766666666666667,0
5,Nguyễn Văn An,student100@example.com,4,Khóa học C++,99,24,0.625,6.246666666666666,15,0.7333333333333333,7,0.5389702115042059,-2.9778659104981844e-07,71.26666666666667,3,7,0.8,5.687499999999999,0
6,Trần Thị Bích,student101@example.com,1,Khóa học JavaScript,85,25,0.36,4.446666666666667,15,0.4666666666666667,6,0.7847434117099823,-5.905080689547202e-07,64.66666666666667,1,6,0.8333333333333334,3.4120000000000004,1
6,Trần Thị Bích,student101@example.com,2,Khóa học Java,85,22,0.3181818181818182,4.064285714285714,14,0.2857142857142857,5,1.0202290659154811,-6.41256765042378e-07,21.928571428571427,3,7,0.7333333333333333,3.0863636363636364,1
6,Trần Thị Bích,student101@example.com,3,Khóa học Python,85,20,0.35,4.366666666666667,12,0.3333333333333333,6,0.7728015412913087,-5.737868781483755e-07,27.333333333333332,2,3,0.6666666666666666,3.5550000000000006,1
6,Trần Thị Bích,student101@example.com,4,Khóa học C++,85,18,0.3888888888888889,4.445454545454544,11,0.36363636363636365,4,0.6932973078159129,-5.176652180278568e-07,51.63636363636363,1,7,0.6,3.383333333333333,1
7,Lê Văn Cường,student102@example.com,1,Khóa học JavaScript,104,27,0.37037037037037035,6.147058823529413,17,0.35294117647058826,7,0.5018995060635666,-3.2872832943433545e-07,31.88235294117647,1,7,0.9,5.637037037037039,0
7,Lê Văn Cường,student102@example.com,2,Khóa học Java,104,24,0.625,6.260000000000001,15,0.6,5,0.43328204824725136,-2.853333990086335e-07,60.46666666666667,3,8,0.8,5.733333333333333,0
7,Lê Văn Cường,student102@example.com,3,Khóa học Python,104,25,0.56,6.286666666666665,15,0.5333333333333333,6,0.4814792022738073,-3.23519210765605e-07,59.6,1,7,0.8333333333333334,5.691999999999999,0
7,Lê Văn Cường,student102@example.com,4,Khóa học C++,104,28,0.6428571428571429,6.182352941176471,17,0.6470588235294118,6,0.5360369764656245,-3.536489408437418e-07,67.82352941176471,4,9,0.9333333333333333,5.6642857142857155,0
8,Phạm Thị Dung,student103@example.com,1,Khóa học JavaScript,72,12,0.4166666666666667,4.575,8,0.5,6,0.4710360920354195,-3.4856663424292335e-07,61.875,0,2,0.4,3.525,1
8,Phạm Thị Dung,student103@example.com,2,Khóa học Java,72,20,0.6,4.45,12,0.5833333333333334,6,0.55,-3.064821591104717e-07,66.66666666666667,1,6,0.6666666666666666,3.28,1
8,Phạm Thị Dung,student103@example.com,3,Khóa học Python,72,17,0.5882352941176471,4.445454545454545,11,0.5454545454545454,6,0.9726847909160186,-6.426013183788342e-07,74.45454545454545,1,4,0.5666666666666667,3.4941176470588236,1
8,Phạm Thị Dung,student103@example.com,4,Khóa học C++,72,23,0.5652173913043478,4.621428571428572,14,0.42857142857142855,5,0.4901582418370789,-3.487831197752162e-07,55.07142857142857,2,7,0.7666666666666667,3.5043478260869567,1
9,Hoàng Văn Dũng,student104@example.com,1,Khóa học JavaScript,95,24,0.75,6.099999999999998,15,0.6,7,0.554977477020464,-3.0176406254385586e-07,81.6,2,9,0.8,5.624999999999999,0
9,Hoàng Văn Dũng,student104@example.com,2,Khóa học Java,95,24,0.6666666666666666,6.086666666666667,15,0.8,6,0.42874493842169414,-2.5366193625672525e-07,81.86666666666666,1,8,0.8,5.662499999999999,0
9,Hoàng Văn Dũng,student104@example.com,3,Khóa học Python,95,23,0.6521739130434783,6.221428571428571,14,0.5714285714285714,7,0.45540966083700213,-2.396975061312219e-07,64.92857142857143,2,8,0.7666666666666667,5.713043478260869,0
9,Hoàng Văn Dũng,student104@example.com,4,Khóa học C++,95,24,0.625,6.306666666666668,15,0.4666666666666667,4,0.5052612085732384,-3.2460203900704596e-07,41.8,2,5,0.8,5.845833333333335,0
10,Bùi Thị Hoa,student105@example.com,1,Khóa học JavaScript,116,29,0.10344827586206896,8.733333333333333,18,0.1111111111111111,7,0.8812869377601525,6.453091731637794e-08,4.833333333333333,0,8,0.9666666666666667,8.589655172413792,0
10,Bùi Thị Hoa,student105@example.com,2,Khóa học Java,116,29,0.10344827586206896,7.9722222222222205,18,0.16666666666666666,7,0.9115344544932984,-2.0619514763796262e-07,5.666666666666667,0,7,0.9666666666666667,8.110344827586207,0
10,Bùi Thị Hoa,student105@example.com,3,Khóa học Python,116,28,0.03571428571428571,8.505882352941176,17,0.058823529411764705,6,0.9142470950815498,-6.275014614420237e-08,1.647058823529412,2,7,0.9333333333333333,8.571428571428571,0
10,Bùi Thị Hoa,student105@example.com,4,Khóa học C++,116,30,0.1,8.822222222222221,18,0.05555555555555555,6,0.7553921391903793,-1.0230513209388596e-07,1.777777777777778,0,8,1.0,8.756666666666664,0
11,Phan Văn Hùng,student106@example.com,1,Khóa học JavaScript,114,28,0.07142857142857142,8.623529411764705,17,0.11764705882352941,7,0.6539737463382254,8.08870693653858e-08,3.6470588235294117,1,7,0.9333333333333333,8.50357142857143,0
11,Phan Văn Hùng,student106@example.com,2,Khóa học Java,114,30,0.1,8.405555555555557,18,0.05555555555555555,7,0.9009083207902654,1.7211720846671623e-07,2.888888888888889,3,9,1.0,8.373333333333335,0
11,Phan Văn Hùng,student106@example.com,3,Khóa học Python,114,27,0.1111111111111111,8.276470588235293,17,0.11764705882352941,7,0.8299747776215187,2.1219952339598695e-08,3.2941176470588234,1,6,0.9,8.414814814814813,0
11,Phan Văn Hùng,student106@example.com,4,Khóa học C++,114,29,0.06896551724137931,8.344444444444443,18,0.1111111111111111,7,0.9280937585671816,5.162005119424114e-08,3.111111111111111,1,9,0.9666666666666667,8.293103448275861,0
12,Đặng Thị Hương,student107@example.com,1,Khóa học JavaScript,99,24,0.5833333333333334,6.120000000000001,15,0.4666666666666667,7,0.5243408560596186,-2.33514372865762e-07,45.6,3,7,0.8,5.766666666666667,0
12,Đặng Thị Hương,student107@example.com,2,Khóa học Java,99,24,0.4166666666666667,6.22,15,0.4666666666666667,6,0.56944417344167,-4.0991449852719257e-07,41.8,1,7,0.8,5.783333333333334,0
12,Đặng Thị Hương,student107@example.com,3,Khóa học Python,99,25,0.76,6.120000000000001,15,0.8,7,0.5381449618829487,-2.9433850265447715e-07,77.73333333333333,3,8,0.8333333333333334,5.6240000000000006,0
12,Đặng Thị Hương,student107@example.com,4,Khóa học C++,99,26,0.6538461538461539,6.331250000000001,16,0.75,7,0.5474015322411879,-3.8484494181946533e-07,81.4375,2,7,0.8666666666666667,5.715384615384616,0
13,Vũ Văn Khang,student108@example.com,1,Khóa học JavaScript,118,30,0.03333333333333333,8.616666666666667,18,0.0,7,0.8757536436946435,-1.0038798020268618e-08,0.0,1,8,1.0,8.646666666666667,0
13,Vũ Văn Khang,student108@example.com,2,Khóa học Java,118,30,0.03333333333333333,8.411111111111108,18,0.05555555555555555,7,0.9017815015530146,2.3408508804267263e-08,2.8333333333333335,0,8,1.0,8.283333333333331,0
13,Vũ Văn Khang,student108@example.com,3,Khóa học Python,118,29,0.10344827586206896,8.572222222222223,18,0.16666666666666666,7,0.8081567199192353,4.5213688141071766e-08,8.944444444444445,1,8,0.9666666666666667,8.555172413793105,0
13,Vũ Văn Khang,student108@example.com,4,Khóa học C++,118,29,0.1724137931034483,8.522222222222222,18,0.16666666666666666,6,0.8929075823495309,5.489548416231661e-07,7.722222222222222,1,8,0.9666666666666667,8.420689655172415,0
14,Nguyễn Thị Lan,student109@example.com,1,Khóa học JavaScript,116,30,0.06666666666666667,8.516666666666666,18,0.05555555555555555,7,0.6906116451700219,3.765756505581335e-07,2.888888888888889,0,9,1.0,8.47,0
14,Nguyễn Thị Lan,student109@example.com,2,Khóa học Java,116,29,0.10344827586206896,8.722222222222221,18,0.16666666666666666,6,0.8960131171879345,1.5762142097401668e-07,6.111111111111111,0,8,0.9666666666666667,8.46551724137931,0
14,Nguyễn Thị Lan,student109@example.com,3,Khóa học Python,116,28,0.14285714285714285,8.376470588235295,17,0.11764705882352941,7,0.7780287396511669,-5.150066268595638e-08,3.411764705882353,0,8,0.9333333333333333,8.296428571428573,0
14,Nguyễn Thị Lan,student109@example.com,4,Khóa học C++,116,29,0.13793103448275862,8.683333333333332,18,0.1111111111111111,7,0.9500000000000002,-3.685159580812324e-07,4.666666666666667,0,7,0.9666666666666667,8.658620689655173,0
15,Trần Văn Linh,student110@example.com,1,Khóa học JavaScript,82,20,0.5,4.516666666666667,12,0.4166666666666667,6,0.6229410530343584,-5.800471483652715e-07,48.416666666666664,0,6,0.6666666666666666,3.479999999999999,1
15,Trần Văn Linh,student110@example.com,2,Khóa học Java,82,20,0.4,4.35,12,0.4166666666666667,5,0.7544313531837515,-8.579121551178446e-07,17.666666666666668,0,4,0.6666666666666666,3.46,1
15,Trần Văn Linh,student110@example.com,3,Khóa học Python,82,19,0.3684210526315789,4.375000000000001,12,0.3333333333333333,6,0.8135570047636492,-3.0958435713927114e-07,55.416666666666664,1,3,0.6333333333333333,3.5105263157894746,1
15,Trần Văn Linh,student110@example.com,4,Khóa học C++,82,23,0.5217391304347826,4.564285714285714,14,0.5,5,0.6574921431981884,-4.893494685809083e-07,70.5,2,4,0.7666666666666667,3.6130434782608694,1
16,Lê Thị Mai,student111@example.com,1,Khóa học JavaScript,81,22,0.5,4.292857142857143,14,0.5,7,0.639714540930211,-2.932504457418993e-07,76.35714285714286,2,6,0.7333333333333333,3.4181818181818175,1
16,Lê Thị Mai,student111@example.com,2,Khóa học Java,81,19,0.3684210526315789,3.6583333333333328,12,0.4166666666666667,8,1.3943088690179883,-7.915918293276781e-07,44.25,1,8,0.6333333333333333,2.894736842105263,1
16,Lê Thị Mai,student111@example.com,3,Khóa học Python,81,21,0.3333333333333333,4.56153846153846,13,0.23076923076923078,5,0.7354103632441298,-8.054347232941203e-07,29.384615384615383,3,4,0.7,3.7142857142857135,1
16,Lê Thị Mai,student111@example.com,4,Khóa học C++,81,19,0.5263157894736842,4.033333333333332,12,0.4166666666666667,7,1.2472191289246468,-8.294637947835428e-07,51.833333333333336,0,8,0.6333333333333333,3.1684210526315786,1
17,Phạm Văn Minh,student112@example.com,1,Khóa học JavaScript,109,26,0.038461538461538464,8.499999999999998,16,0.0,7,0.7533259586659676,-5.467802895032593e-08,0.0,1,7,0.8666666666666667,8.323076923076922,0
17,Phạm Văn Minh,student112@example.com,2,Khóa học Java,109,28,0.07142857142857142,8.288235294117648,17,0.058823529411764705,6,0.7940087071245628,-7.785833260181235e-08,1.4705882352941178,1,6,0.9333333333333333,8.289285714285716,0
17,Phạm Văn Minh,student112@example.com,3,Khóa học Python,109,27,0.1111111111111111,8.676470588235293,17,0.11764705882352941,7,0.7487475124300865,1.1713130180614021e-07,3.1176470588235294,1,6,0.9,8.64814814814815,0
17,Phạm Văn Minh,student112@example.com,4,Khóa học C++,109,28,0.14285714285714285,8.576470588235296,17,0.11764705882352941,6,0.8349212092200898,6.138490424563002e-08,6.0,2,7,0.9333333333333333,8.735714285714286,0
18,Hoàng Thị Nga,student113@example.com,1,Khóa học JavaScript,109,28,0.0,8.523529411764704,17,0.0,6,0.9831099584031374,1.3254443231594965e-07,0.0,1,8,0.9333333333333333,8.564285714285715,0
18,Hoàng Thị Nga,student113@example.com,2,Khóa học Java,109,27,0.18518518518518517,8.529411764705882,17,0.23529411764705882,8,0.9706060604423783,-2.3046814090286973e-07,9.588235294117647,0,7,0.9,8.518518518518519,0
18,Hoàng Thị Nga,student113@example.com,3,Khóa học Python,109,25,0.04,8.2,15,0.06666666666666667,7,0.6723094525588642,-1.5461989185364813e-07,2.0,1,9,0.8333333333333334,8.447999999999999,0
18,Hoàng Thị Nga,student113@example.com,4,Khóa học C++,109,29,0.1724137931034483,8.71111111111111,18,0.2222222222222222,7,0.8312566717452484,1.3805943392219867e-07,9.11111111111111,1,6,0.9666666666666667,8.73448275862069,0
19,Bùi Văn Nam,student114@example.com,1,Khóa học JavaScript,117,29,0.06896551724137931,8.55,18,0.1111111111111111,7,0.8105210943858553,4.169301498543733e-08,4.388888888888889,2,9,0.9666666666666667,8.475862068965519,0
19,Bùi Văn Nam,student114@example.com,2,Khóa học Java,117,28,0.07142857142857142,8.623529411764705,17,0.058823529411764705,7,0.8980563402768329,-3.681043006426072e-08,1.5882352941176472,1,7,0.9333333333333333,8.667857142857143,0
19,Bùi Văn Nam,student114@example.com,3,Khóa học Python,117,30,0.03333333333333333,8.477777777777778,18,0.05555555555555555,7,0.9156391547593382,1.2358548867781903e-07,3.055555555555556,0,7,1.0,8.483333333333333,0
19,Bùi Văn Nam,student114@example.com,4,Khóa học C++,117,30,0.1,8.344444444444445,18,0.16666666666666666,6,0.9136144471409653,-9.089181921284836e-08,7.888888888888889,0,7,1.0,8.366666666666667,0
20,Phan Thị Oanh,student115@example.com,1,Khóa học JavaScript,66,14,0.5,4.211111111111111,9,0.4444444444444444,7,1.1647073494558808,-7.231696981987342e-07,68.33333333333333,3,6,0.4666666666666667,3.192857142857143,1
20,Phan Thị Oanh,student115@example.com,2,Khóa học Java,66,15,0.4666666666666667,4.2444444444444445,9,0.2222222222222222,5,0.7274172134814629,-7.073697320717675e-07,14.666666666666666,2,6,0.5,3.18,1
20,Phan Thị Oanh,student115@example.com,3,Khóa học Python,66,20,0.45,4.733333333333333,12,0.4166666666666667,6,0.6155395104206461,-3.461768243632807e-07,41.916666666666664,2,4,0.6666666666666666,3.8600000000000003,1
20,Phan Thị Oanh,student115@example.com,4,Khóa học C++,66,17,0.35294117647058826,4.1090909090909085,11,0.18181818181818182,7,1.0439910705422246,-7.783508727389115e-07,25.09090909090909,3,6,0.5666666666666667,3.2058823529411766,1
21,Đặng Văn Phúc,student116@example.com,1,Khóa học JavaScript,114,28,0.17857142857142858,8.141176470588235,17,0.23529411764705882,8,0.8381062852220595,-1.034714177459367e-07,10.647058823529411,0,7,0.9333333333333333,8.242857142857144,0
21,Đặng Văn Phúc,student116@example.com,2,Khóa học Java,114,29,0.13793103448275862,8.56111111111111,18,0.16666666666666666,7,0.9232424076101989,-1.1449215064135095e-07,7.388888888888889,1,8,0.9666666666666667,8.36206896551724,0
21,Đặng Văn Phúc,student116@example.com,3,Khóa học Python,114,28,0.14285714285714285,8.36470588235294,17,0.17647058823529413,7,0.764615379259855,1.0845942909223456e-07,4.823529411764706,1,8,0.9333333333333333,8.492857142857144,0
21,Đặng Văn Phúc,student116@example.com,4,Khóa học C++,114,29,0.13793103448275862,8.605555555555556,18,0.0,7,0.8202115053937289,-4.0935823996703547e-07,0.0,2,9,0.9666666666666667,8.672413793103448,0
22,Vũ Thị Phương,student117@example.com,1,Khóa học JavaScript,104,24,0.7083333333333334,6.293333333333333,15,0.8,7,0.5994071144797067,-4.952641197010366e-07,84.73333333333333,2,7,0.8,5.641666666666666,0
22,Vũ Thị Phương,student117@example.com,2,Khóa học Java,104,24,0.5,6.153333333333333,15,0.4,7,0.547560245290162,-3.6180249395896185e-07,40.13333333333333,3,7,0.8,5.579166666666666,0
22,Vũ Thị Phương,student117@example.com,3,Khóa học Python,104,29,0.6206896551724138,6.205555555555556,18,0.6111111111111112,7,0.5254333896066944,-2.621373650428005e-07,66.88888888888889,3,8,0.9666666666666667,5.710344827586207,0
22,Vũ Thị Phương,student117@example.com,4,Khóa học C++,104,27,0.5925925925925926,6.147058823529412,17,0.5294117647058824,7,0.5236946203307055,-3.046463727743035e-07,51.05882352941177,3,7,0.9,5.7,0
23,Nguyễn Văn Quang,student118@example.com,1,Khóa học JavaScript,97,25,0.52,6.200000000000001,15,0.4666666666666667,7,0.5006662228138292,-2.2136342191949348e-07,46.6,2,7,0.8333333333333334,5.703999999999999,0
23,Nguyễn Văn Quang,student118@example.com,2,Khóa học Java,97,24,0.625,5.98,15,0.6666666666666666,6,0.5741080037762928,-3.221208849209016e-07,64.86666666666666,3,10,0.8,5.570833333333333,0
23,Nguyễn Văn Quang,student118@example.com,3,Khóa học Python,97,22,0.7272727272727273,6.2142857142857135,14,0.8571428571428571,7,0.6311634866964144,-4.2729495211069035e-07,91.0,2,5,0.7333333333333333,5.695454545454545,0
23,Nguyễn Văn Quang,student118@example.com,4,Khóa học C++,97,26,0.5384615384615384,6.275,16,0.5,6,0.4366062299143246,-1.3321443672612417e-07,60.5,0,8,0.8666666666666667,5.8538461538461535,0
24,Trần Thị Quỳnh,student119@example.com,1,Khóa học JavaScript,113,28,0.0,8.294117647058824,17,0.0,7,0.8495469991744,-3.824920525717252e-09,0.0,2,8,0.9333333333333333,8.24642857142857,0
24,Trần Thị Quỳnh,student119@example.com,2,Khóa học Java,113,29,0.0,8.772222222222224,18,0.0,7,0.7984746260182987,2.308204414546969e-08,0.0,1,7,0.9666666666666667,8.779310344827588,0
24,Trần Thị Quỳnh,student119@example.com,3,Khóa học Python,113,30,0.06666666666666667,8.700000000000001,18,0.0,7,0.7527726527090811,-2.5281049076268066e-09,0.0,1,8,1.0,8.620000000000001,0
24,Trần Thị Quỳnh,student119@example.com,4,Khóa học C++,113,26,0.11538461538461539,8.543750000000001,16,0.0625,8,0.8328931128902436,2.1997169163607523e-07,1.75,1,6,0.8666666666666667,8.453846153846156,0
25,Lê Văn Sơn,student120@example.com,1,Khóa học JavaScript,114,29,0.034482758620689655,8.383333333333333,18,0.0,7,0.7447967657168111,1.6148579067184917e-07,0.0,2,9,0.9666666666666667,8.39310344827586,0
25,Lê Văn Sơn,student120@example.com,2,Khóa học Java,114,29,0.20689655172413793,8.627777777777778,18,0.16666666666666666,8,0.8652588280429004,9.502746175359936e-08,4.888888888888889,2,8,0.9666666666666667,8.551724137931034,0
25,Lê Văn Sơn,student120@example.com,3,Khóa học Python,114,28,0.14285714285714285,8.894117647058822,17,0.11764705882352941,8,0.7336216272994703,4.3941586141614e-08,4.9411764705882355,2,8,0.9333333333333333,8.853571428571428,0
25,Lê Văn Sơn,student120@example.com,4,Khóa học C++,114,28,0.21428571428571427,8.758823529411766,17,0.23529411764705882,7,0.6553479753979038,5.750165458639812e-08,9.411764705882353,2,9,0.9333333333333333,8.739285714285716,0
26,Phạm Thị Thảo,student121@example.com,1,Khóa học JavaScript,115,30,0.06666666666666667,8.57777777777778,18,0.05555555555555555,6,0.9009597077903813,-2.101424707672709e-07,1.4444444444444444,1,9,1.0,8.576666666666666,0
26,Phạm Thị Thảo,student121@example.com,2,Khóa học Java,115,28,0.07142857142857142,8.047058823529412,17,0.0,7,0.5030701588994188,-8.792910539982876e-08,0.0,2,8,0.9333333333333333,8.367857142857144,0
26,Phạm Thị Thảo,student121@example.com,3,Khóa học Python,115,28,0.07142857142857142,8.5,17,0.058823529411764705,7,0.8758189444910474,1.0098705443466912e-07,3.176470588235294,0,7,0.9333333333333333,8.492857142857142,0
26,Phạm Thị Thảo,student121@example.com,4,Khóa học C++,115,29,0.13793103448275862,8.194444444444445,18,0.16666666666666666,7,0.8803233132221758,-4.0704617370391463e-07,9.166666666666666,1,6,0.9666666666666667,8.317241379310346,0
27,Hoàng Văn Thắng,student122@example.com,1,Khóa học JavaScript,116,29,0.06896551724137931,8.577777777777776,18,0.05555555555555555,6,0.6241042964437165,-1.0244886808531484e-07,2.8333333333333335,1,8,0.9666666666666667,8.437931034482759,0
27,Hoàng Văn Thắng,student122@example.com,2,Khóa học Java,116,28,0.03571428571428571,8.164705882352942,17,0.058823529411764705,7,0.7623039199925358,-1.2978357248673793e-07,3.0,1,6,0.9333333333333333,8.12857142857143,0
27,Hoàng Văn Thắng,student122@example.com,3,Khóa học Python,116,30,0.1,8.577777777777776,18,0.05555555555555555,8,0.8791129086601103,-1.2728252513865092e-07,2.888888888888889,1,8,1.0,8.646666666666667,0
27,Hoàng Văn Thắng,student122@example.com,4,Khóa học C++,116,29,0.13793103448275862,8.316666666666668,18,0.05555555555555555,7,0.7980879929208587,3.4761051781460794e-07,2.944444444444444,2,7,0.9666666666666667,8.510344827586207,0
28,Bùi Thị Thanh,student123@example.com,1,Khóa học JavaScript,96,24,0.6666666666666666,6.3133333333333335,15,0.7333333333333333,7,0.4745055906473133,-2.3148818792584278e-07,64.8,2,6,0.8,5.875000000000001,0
28,Bùi Thị Thanh,student123@example.com,2,Khóa học Java,96,24,0.7916666666666666,6.246666666666668,15,0.8,6,0.5748816303282698,-4.6414970971821855e-07,73.06666666666666,3,9,0.8,5.720833333333335,0
28,Bùi Thị Thanh,student123@example.com,3,Khóa học Python,96,26,0.6538461538461539,6.1812499999999995,16,0.5625,6,0.6719549371051601,-5.040082495199296e-07,59.3125,3,8,0.8666666666666667,5.561538461538461,0
28,Bùi Thị Thanh,student123@example.com,4,Khóa học C++,96,22,0.5909090909090909,6.0357142857142865,14,0.7142857142857143,5,0.4893248159558273,-3.119081991969272e-07,67.42857142857143,1,4,0.7333333333333333,5.6000000000000005,0
29,Phan Văn Toàn,student124@example.com,1,Khóa học JavaScript,113,29,0.10344827586206896,8.449999999999998,18,0.05555555555555555,7,0.6865776641348662,-9.396017343389003e-08,1.6111111111111112,1,6,0.9666666666666667,8.358620689655172,0
29,Phan Văn Toàn,student124@example.com,2,Khóa học Java,113,28,0.10714285714285714,8.029411764705882,17,0.058823529411764705,7,0.8783438331731805,6.019019420994101e-08,3.2941176470588234,0,9,0.9333333333333333,8.182142857142855,0
29,Phan Văn Toàn,student124@example.com,3,Khóa học Python,113,28,0.07142857142857142,8.458823529411765,17,0.058823529411764705,6,0.8623216429598393,-4.879676007932462e-07,2.8823529411764706,1,8,0.9333333333333333,8.55,0
29,Phan Văn Toàn,student124@example.com,4,Khóa học C++,113,28,0.10714285714285714,8.529411764705882,17,0.17647058823529413,7,0.9246714557279586,-1.674820537949055e-07,7.529411764705882,2,7,0.9333333333333333,8.503571428571428,0
30,Đặng Thị Trang,student125@example.com,1,Khóa học JavaScript,114,28,0.07142857142857142,8.43529411764706,17,0.058823529411764705,7,0.8777921343586236,1.463857775685211e-07,3.2941176470588234,2,7,0.9333333333333333,8.439285714285717,0
30,Đặng Thị Trang,student125@example.com,2,Khóa học Java,114,28,0.07142857142857142,8.447058823529414,17,0.11764705882352941,7,0.6713617829446474,2.2867021402573897e-08,3.5294117647058822,2,8,0.9333333333333333,8.492857142857144,0
30,Đặng Thị Trang,student125@example.com,3,Khóa học Python,114,28,0.07142857142857142,8.741176470588234,17,0.058823529411764705,7,0.7046557971006433,-1.0468925204799856e-07,1.7647058823529411,1,8,0.9333333333333333,8.689285714285713,0
30,Đặng Thị Trang,student125@example.com,4,Khóa học C++,114,30,0.06666666666666667,8.488888888888887,18,0.05555555555555555,8,0.7823674107681754,1.3396808608990613e-09,2.944444444444444,1,7,1.0,8.336666666666668,0
31,Vũ Văn Tùng,student126@example.com,1,Khóa học JavaScript,95,23,0.5217391304347826,6.385714285714285,14,0.5,6,0.5262497273255389,-1.834385499807906e-07,50.785714285714285,2,3,0.7666666666666667,5.83478260869565,0
31,Vũ Văn Tùng,student126@example.com,2,Khóa học Java,95,25,0.56,6.406666666666666,15,0.4666666666666667,6,0.43430659933072896,-3.179299802235726e-07,29.466666666666665,3,8,0.8333333333333334,5.9,0
31,Vũ Văn Tùng,student126@example.com,3,Khóa học Python,95,23,0.782608695652174,6.292857142857144,14,0.7857142857142857,6,0.48471535935210175,-2.787496584862921e-07,81.14285714285714,1,5,0.7666666666666667,5.77391304347826,0
31,Vũ Văn Tùng,student126@example.com,4,Khóa học C++,95,24,0.6666666666666666,6.093333333333333,15,0.7333333333333333,6,0.5434049032617287,-3.327362390393101e-07,80.66666666666667,3,7,0.8,5.750000000000001,0
32,Nguyễn Thị Tuyết,student127@example.com,1,Khóa học JavaScript,79,18,0.4444444444444444,4.527272727272727,11,0.45454545454545453,6,0.5528289380185738,-2.552158471250367e-07,76.63636363636364,1,5,0.6,3.416666666666667,1
32,Nguyễn Thị Tuyết,student127@example.com,2,Khóa học Java,79,22,0.4090909090909091,4.007142857142857,14,0.2857142857142857,7,1.2285091346333372,-8.324727138639655e-07,22.785714285714285,3,8,0.7333333333333333,3.1272727272727265,1
32,Nguyễn Thị Tuyết,student127@example.com,3,Khóa học Python,79,16,0.3125,4.710000000000001,10,0.4,6,0.6122907805936658,-3.8037175354038374e-07,54.6,1,2,0.5333333333333333,3.8000000000000007,1
32,Nguyễn Thị Tuyết,student127@example.com,4,Khóa học C++,79,23,0.34782608695652173,4.45,14,0.42857142857142855,5,0.7528517213141738,-4.2521333703990993e-07,57.142857142857146,2,7,0.7666666666666667,3.608695652173913,1
33,Trần Văn Việt,student128@example.com,1,Khóa học JavaScript,115,30,0.03333333333333333,8.483333333333333,18,0.05555555555555555,6,0.8629728977333079,-2.7759134859106017e-09,1.777777777777778,1,8,1.0,8.553333333333335,0
33,Trần Văn Việt,student128@example.com,2,Khóa học Java,115,28,0.0,8.75294117647059,17,0.0,7,0.840950195810614,-2.3345927935033368e-07,0.0,0,8,0.9333333333333333,8.903571428571428,0
33,Trần Văn Việt,student128@example.com,3,Khóa học Python,115,28,0.03571428571428571,8.52941176470588,17,0.058823529411764705,7,0.8034958222244717,5.4961497626133684e-08,3.0,0,5,0.9333333333333333,8.664285714285715,0
33,Trần Văn Việt,student128@example.com,4,Khóa học C++,115,29,0.0,8.88888888888889,18,0.0,6,0.6789607163312082,-3.3138159524453503e-07,0.0,1,8,0.9666666666666667,8.727586206896552,0
34,Lê Thị Vân,student129@example.com,1,Khóa học JavaScript,82,23,0.4782608695652174,4.521428571428571,14,0.5,6,0.7052644604569787,-5.268806990543542e-07,75.07142857142857,1,6,0.7666666666666667,3.4913043478260875,1
34,Lê Thị Vân,student129@example.com,2,Khóa học Java,82,22,0.2727272727272727,4.335714285714286,14,0.42857142857142855,6,0.7325173258381409,-5.173578570150111e-07,41.214285714285715,1,3,0.7333333333333333,3.5181818181818176,1
34,Lê Thị Vân,student129@example.com,3,Khóa học Python,82,18,0.3333333333333333,4.509090909090908,11,0.18181818181818182,6,0.7902295931672989,-6.427041620856484e-07,18.454545454545453,2,4,0.6,3.344444444444443,1
34,Lê Thị Vân,student129@example.com,4,Khóa học C++,82,19,0.3157894736842105,4.483333333333334,12,0.3333333333333333,6,0.6387922632245606,-4.963987619680161e-07,39.416666666666664,0,3,0.6333333333333333,3.673684210526317,1
35,Phạm Văn Hòa,student130@example.com,1,Khóa học JavaScript,86,22,0.4090909090909091,4.492857142857142,14,0.42857142857142855,7,0.7497278417763964,-5.62489351333272e-07,70.0,2,7,0.7333333333333333,3.4909090909090907,1
35,Phạm Văn Hòa,student130@example.com,2,Khóa học Java,86,23,0.43478260869565216,4.2214285714285715,14,0.35714285714285715,7,0.7929858325419471,-3.965686859898437e-07,44.57142857142857,2,9,0.7666666666666667,3.1260869565217386,1
35,Phạm Văn Hòa,student130@example.com,3,Khóa học Python,86,20,0.4,4.55,12,0.5,4,0.6020797289396148,-5.399442426375297e-07,82.66666666666667,0,3,0.6666666666666666,3.810000000000001,1
35,Phạm Văn Hòa,student130@example.com,4,Khóa học C++,86,21,0.47619047619047616,4.776923076923077,13,0.46153846153846156,7,0.681800609420318,-4.6807892352446655e-07,65.3076923076923,1,6,0.7,3.7047619047619054,1
36,Hoàng Thị Hạnh,student131@example.com,1,Khóa học JavaScript,77,20,0.35,4.291666666666667,12,0.16666666666666666,7,1.230486579456364,-7.856181135233322e-07,32.25,2,7,0.6666666666666666,3.2350000000000003,1
36,Hoàng Thị Hạnh,student131@example.com,2,Khóa học Java,77,22,0.4090909090909091,4.3999999999999995,14,0.21428571428571427,7,0.5542047068934516,-4.1439375124881036e-07,19.285714285714285,2,7,0.7333333333333333,3.486363636363635,1
36,Hoàng Thị Hạnh,student131@example.com,3,Khóa học Python,77,18,0.1111111111111111,4.463636363636364,11,0.09090909090909091,6,0.7264768372366198,-3.996335218024586e-07,22.545454545454547,1,4,0.6,3.7666666666666666,1
36,Hoàng Thị Hạnh,student131@example.com,4,Khóa học C++,77,17,0.35294117647058826,3.972727272727273,11,0.36363636363636365,6,0.9770930067305021,-3.620513661571408e-07,80.0,1,6,0.5666666666666667,3.047058823529412,1
37,Bùi Văn Hậu,student132@example.com,1,Khóa học JavaScript,116,30,0.1,8.505555555555555,18,0.1111111111111111,6,0.6931988829751712,-2.3373425990912558e-08,3.055555555555556,1,9,1.0,8.399999999999999,0
37,Bùi Văn Hậu,student132@example.com,2,Khóa học Java,116,30,0.06666666666666667,8.488888888888887,18,0.1111111111111111,7,0.9344569955558202,3.707243717142801e-07,4.722222222222222,1,7,1.0,8.62,0
37,Bùi Văn Hậu,student132@example.com,3,Khóa học Python,116,27,0.1111111111111111,8.352941176470589,17,0.17647058823529413,7,0.8527586011491822,2.1939689179386312e-07,6.529411764705882,2,7,0.9,8.3,0
37,Bùi Văn Hậu,student132@example.com,4,Khóa học C++,116,29,0.13793103448275862,8.427777777777777,18,0.2222222222222222,7,0.8568712826683647,-1.5539625218762588e-07,7.444444444444445,2,9,0.9666666666666667,8.482758620689655,0
38,Phan Thị Hiền,student133@example.com,1,Khóa học JavaScript,79,19,0.3157894736842105,4.433333333333334,12,0.3333333333333333,8,0.9285592184789413,-5.436247634995022e-07,55.666666666666664,1,6,0.6333333333333333,3.3105263157894735,1
38,Phan Thị Hiền,student133@example.com,2,Khóa học Java,79,19,0.42105263157894735,4.249999999999999,12,0.5833333333333334,7,0.8798674142543674,-5.642569737473992e-07,97.33333333333333,0,4,0.6333333333333333,3.2421052631578937,1
38,Phan Thị Hiền,student133@example.com,3,Khóa học Python,79,21,0.23809523809523808,4.3999999999999995,13,0.23076923076923078,7,0.5948496901286523,-3.034546763083153e-07,32.30769230769231,0,4,0.7,3.2571428571428567,1
38,Phan Thị Hiền,student133@example.com,4,Khóa học C++,79,20,0.2,4.366666666666665,12,0.25,5,0.7487025815072061,-6.224231460400605e-07,51.5,1,5,0.6666666666666666,3.419999999999999,1
39,Đặng Văn Kiên,student134@example.com,1,Khóa học JavaScript,85,20,0.45,4.4750000000000005,12,0.5833333333333334,6,0.6546309392830952,-3.8164687718739586e-07,98.66666666666667,0,5,0.6666666666666666,3.4050000000000002,1
39,Đặng Văn Kiên,student134@example.com,2,Khóa học Java,85,19,0.42105263157894735,4.575,12,0.5,6,0.5889609494694873,-4.1403000840911944e-07,102.08333333333333,1,4,0.6333333333333333,3.5842105263157893,1
39,Đặng Văn Kiên,student134@example.com,3,Khóa học Python,85,24,0.5,4.48,15,0.5333333333333333,6,0.6685307272918225,-4.3373567705221906e-07,60.8,2,8,0.8,3.4916666666666676,1
39,Đặng Văn Kiên,student134@example.com,4,Khóa học C++,85,22,0.36363636363636365,4.335714285714286,14,0.42857142857142855,7,1.046495609749267,-7.181189468933612e-07,68.21428571428571,1,8,0.7333333333333333,3.3136363636363644,1
40,Vũ Thị Kim,student135@example.com,1,Khóa học JavaScript,64,13,0.38461538461538464,4.7125,8,0.5,4,0.5372092236736077,-6.36412648190902e-07,75.0,0,2,0.43333333333333335,3.9384615384615387,1
40,Vũ Thị Kim,student135@example.com,2,Khóa học Java,64,15,0.3333333333333333,4.5,9,0.4444444444444444,5,0.8232726023485647,-8.412197246089486e-07,74.88888888888889,1,2,0.5,3.8266666666666667,1
40,Vũ Thị Kim,student135@example.com,3,Khóa học Python,64,18,0.3333333333333333,4.354545454545455,11,0.36363636363636365,6,0.7037091811041323,-5.277087753304502e-07,28.09090909090909,1,5,0.6,3.322222222222222,1
40,Vũ Thị Kim,student135@example.com,4,Khóa học C++,64,18,0.3333333333333333,4.49090909090909,11,0.2727272727272727,5,0.5869095415115988,-4.6777949099507956e-07,43.09090909090909,0,4,0.6,3.755555555555555,1
41,Nguyễn Văn Long,student136@example.com,1,Khóa học JavaScript,114,27,0.07407407407407407,8.31764705882353,17,0.11764705882352941,6,0.767911831732575,1.3441628117642668e-07,6.0,2,9,0.9,8.166666666666666,0
41,Nguyễn Văn Long,student136@example.com,2,Khóa học Java,114,28,0.10714285714285714,8.670588235294119,17,0.058823529411764705,7,0.8455869565207718,-5.482196662161878e-08,1.5882352941176472,0,9,0.9333333333333333,8.575000000000001,0
41,Nguyễn Văn Long,student136@example.com,3,Khóa học Python,114,30,0.06666666666666667,8.55,18,0.05555555555555555,7,0.8454124568648267,4.91878151646752e-07,2.7222222222222223,0,8,1.0,8.406666666666668,0
41,Nguyễn Văn Long,student136@example.com,4,Khóa học C++,114,29,0.10344827586206896,8.322222222222225,18,0.1111111111111111,8,0.915639154759338,4.3364922669052537e-07,4.444444444444445,1,8,0.9666666666666667,8.258620689655174,0
42,Trần Thị Lệ,student137@example.com,1,Khóa học JavaScript,97,28,0.6785714285714286,6.1411764705882375,17,0.6470588235294118,7,0.5647058823529423,-4.412328745675358e-07,77.58823529411765,2,10,0.9333333333333333,5.6071428571428585,0
42,Trần Thị Lệ,student137@example.com,2,Khóa học Java,97,24,0.625,6.2,15,0.5333333333333333,6,0.5808040403899868,-4.0417343113023534e-07,37.333333333333336,2,8,0.8,5.716666666666666,0
42,Trần Thị Lệ,student137@example.com,3,Khóa học Python,97,25,0.44,6.1466666666666665,15,0.6,5,0.5289822513300637,-3.8691293320391875e-07,74.6,2,8,0.8333333333333334,5.636,0
42,Trần Thị Lệ,student137@example.com,4,Khóa học C++,97,20,0.6,6.233333333333334,12,0.5833333333333334,5,0.42687494916219015,-2.6180268999068406e-07,60.333333333333336,2,5,0.6666666666666666,5.885,0
43,Lê Văn Lộc,student138@example.com,1,Khóa học JavaScript,77,20,0.25,4.65,12,0.3333333333333333,5,0.8271436795785041,-5.196004980974344e-07,53.75,2,5,0.6666666666666666,3.7,1
43,Lê Văn Lộc,student138@example.com,2,Khóa học Java,77,15,0.26666666666666666,4.277777777777778,9,0.3333333333333333,7,0.7568616162633957,-2.859299980032373e-07,39.44444444444444,0,3,0.5,3.1333333333333333,1
43,Lê Văn Lộc,student138@example.com,3,Khóa học Python,77,21,0.3333333333333333,4.5769230769230775,13,0.38461538461538464,5,0.5465329128717422,-4.164998711865433e-07,47.76923076923077,2,3,0.7,3.7476190476190485,1
43,Lê Văn Lộc,student138@example.com,4,Khóa học C++,77,21,0.42857142857142855,4.323076923076923,13,0.38461538461538464,7,0.7297563831157796,-5.230436086715576e-07,70.0,1,5,0.7,3.3190476190476192,1
44,Phạm Thị Lý,student139@example.com,1,Khóa học JavaScript,100,26,0.6153846153846154,6.24375,16,0.625,6,0.5373182832362958,-3.89777948176721e-07,62.0,2,11,0.8666666666666667,5.765384615384615,0
44,Phạm Thị Lý,student139@example.com,2,Khóa học Java,100,27,0.5555555555555556,6.194117647058824,17,0.5294117647058824,7,0.568248690622745,-3.9645715042998254e-07,65.58823529411765,2,9,0.9,5.733333333333333,0
44,Phạm Thị Lý,student139@example.com,3,Khóa học Python,100,21,0.5238095238095238,6.253846153846155,13,0.6153846153846154,6,0.5001774832925805,-3.406919190153331e-07,62.23076923076923,2,3,0.7,5.761904761904763,0
44,Phạm Thị Lý,student139@example.com,4,Khóa học C++,100,26,0.6538461538461539,6.250000000000001,16,0.5625,8,0.5135659646043536,-2.8678818227387213e-07,41.6875,2,8,0.8666666666666667,5.707692307692308,0
45,Hoàng Văn Mạnh,student140@example.com,1,Khóa học JavaScript,77,15,0.5333333333333333,4.922222222222222,9,0.6666666666666666,4,0.4391349521193221,-5.29350490311637e-07,56.0,1,2,0.5,4.053333333333334,1
45,Hoàng Văn Mạnh,student140@example.com,2,Khóa học Java,77,23,0.5217391304347826,4.228571428571429,14,0.42857142857142855,7,0.7439552323595165,-3.4868526655831786e-07,65.21428571428571,2,7,0.7666666666666667,3.2043478260869565,1
45,Hoàng Văn Mạnh,student140@example.com,3,Khóa học Python,77,19,0.3157894736842105,4.308333333333334,12,0.3333333333333333,6,0.785767494590834,-5.876836588658088e-07,47.166666666666664,1,5,0.6333333333333333,3.357894736842106,1
45,Hoàng Văn Mạnh,student140@example.com,4,Khóa học C++,77,20,0.35,4.366666666666666,12,0.3333333333333333,5,0.8188745664358829,-5.347089341659231e-07,47.5,4,6,0.6666666666666666,3.2949999999999995,1
46,Bùi Thị Mỹ,student141@example.com,1,Khóa học JavaScript,113,27,0.07407407407407407,8.464705882352941,17,0.058823529411764705,7,0.8429229093706427,5.678484978194412e-09,2.9411764705882355,1,9,0.9,8.700000000000001,0
46,Bùi Thị Mỹ,student141@example.com,2,Khóa học Java,113,30,0.16666666666666666,8.427777777777779,18,0.2222222222222222,7,0.8773733245416596,-2.0455699493179393e-08,7.666666666666667,0,7,1.0,8.446666666666667,0
46,Bùi Thị Mỹ,student141@example.com,3,Khóa học Python,113,28,0.03571428571428571,8.694117647058825,17,0.0,7,0.8481610475786763,-3.367846254991125e-07,0.0,0,8,0.9333333333333333,8.760714285714284,0
46,Bùi Thị Mỹ,student141@example.com,4,Khóa học C++,113,28,0.07142857142857142,8.45294117647059,17,0.11764705882352941,7,0.89581881509654,-2.2343423958194498e-09,4.411764705882353,0,8,0.9333333333333333,8.296428571428574,0
47,Phan Văn Nam,student142@example.com,1,Khóa học JavaScript,117,28,0.17857142857142858,8.688235294117646,17,0.29411764705882354,6,0.8094168946485865,-7.45497581105389e-08,11.235294117647058,0,6,0.9333333333333333,8.75,0
47,Phan Văn Nam,student142@example.com,2,Khóa học Java,117,29,0.06896551724137931,8.294444444444444,18,0.1111111111111111,7,0.8940993122952915,6.098290701796347e-07,5.777777777777778,0,6,0.9666666666666667,8.313793103448274,0
47,Phan Văn Nam,student142@example.com,3,Khóa học Python,117,30,0.16666666666666666,8.633333333333333,18,0.16666666666666666,7,0.7673909622147557,9.307275835827418e-08,6.111111111111111,2,8,1.0,8.443333333333333,0
47,Phan Văn Nam,student142@example.com,4,Khóa học C++,117,30,0.1,8.5,18,0.16666666666666666,7,0.9545214042184236,-3.101683605456125e-07,5.555555555555555,0,8,1.0,8.59,0
48,Đặng Thị Nhung,student143@example.com,1,Khóa học JavaScript,97,24,0.4583333333333333,6.380000000000001,15,0.4666666666666667,6,0.5256107558513876,-3.934868019895717e-07,40.86666666666667,0,6,0.8,5.804166666666667,0
48,Đặng Thị Nhung,student143@example.com,2,Khóa học Java,97,25,0.72,6.16,15,0.7333333333333333,8,0.49504208575298597,-3.887284123046337e-07,80.26666666666667,2,7,0.8333333333333334,5.751999999999999,0
48,Đặng Thị Nhung,student143@example.com,3,Khóa học Python,97,24,0.6666666666666666,6.146666666666666,15,0.8,8,0.5162256182028252,-3.277641661356394e-07,82.6,1,10,0.8,5.633333333333334,0
48,Đặng Thị Nhung,student143@example.com,4,Khóa học C++,97,24,0.6666666666666666,6.126666666666666,15,0.5333333333333333,7,0.5960611452601892,-3.8096451844768976e-07,69.53333333333333,2,7,0.8,5.787499999999999,0
49,Vũ Văn Phong,student144@example.com,1,Khóa học JavaScript,118,30,0.13333333333333333,8.516666666666667,18,0.16666666666666666,8,0.9973576200251455,-5.463369597048059e-07,7.166666666666667,1,7,1.0,8.566666666666666,0
49,Vũ Văn Phong,student144@example.com,2,Khóa học Java,118,30,0.13333333333333333,8.42222222222222,18,0.1111111111111111,7,0.9210836344916762,-3.451381140885089e-08,5.611111111111111,1,9,1.0,8.356666666666666,0
49,Vũ Văn Phong,student144@example.com,3,Khóa học Python,118,29,0.034482758620689655,8.372222222222224,18,0.05555555555555555,7,0.9881551585069771,6.138378594130501e-07,1.7222222222222223,1,7,0.9666666666666667,8.341379310344829,0
49,Vũ Văn Phong,student144@example.com,4,Khóa học C++,118,29,0.13793103448275862,8.333333333333334,18,0.16666666666666666,7,0.8838049055708566,4.7736865980718635e-08,5.888888888888889,2,8,0.9666666666666667,8.462068965517242,0
50,Nguyễn Thị Phượng,student145@example.com,1,Khóa học JavaScript,79,17,0.23529411764705882,4.29090909090909,11,0.09090909090909091,5,0.8151458825985413,-4.964073865732344e-07,7.2727272727272725,0,4,0.5666666666666667,3.317647058823529,1
50,Nguyễn Thị Phượng,student145@example.com,2,Khóa học Java,79,21,0.42857142857142855,4.592307692307692,13,0.38461538461538464,5,0.7130233985388594,-4.6371460354739005e-07,54.76923076923077,2,5,0.7,3.4809523809523806,1
50,Nguyễn Thị Phượng,student145@example.com,3,Khóa học Python,79,19,0.3684210526315789,4.425,12,0.25,6,0.5629165124598854,-5.039406626291475e-07,41.25,1,6,0.6333333333333333,3.221052631578948,1
50,Nguyễn Thị Phượng,student145@example.com,4,Khóa học C++,79,22,0.5454545454545454,4.564285714285715,14,0.5,7,0.7087283812345511,-5.266165420232789e-07,74.28571428571429,3,4,0.7333333333333333,3.677272727272729,1
51,Trần Văn Quân,student146@example.com,1,Khóa học JavaScript,99,20,0.75,6.091666666666666,12,0.75,6,0.4609018936341611,-2.0473161885338514e-07,75.41666666666667,2,6,0.6666666666666666,5.575000000000001,0
51,Trần Văn Quân,student146@example.com,2,Khóa học Java,99,27,0.6666666666666666,6.211764705882352,17,0.6470588235294118,7,0.5497404231744033,-3.8674074618337897e-07,57.1764705882353,1,8,0.9,5.7111111111111095,0
51,Trần Văn Quân,student146@example.com,3,Khóa học Python,99,25,0.56,6.273333333333334,15,0.5333333333333333,6,0.5971785513748988,-2.4819089974677864e-07,57.13333333333333,2,6,0.8333333333333334,5.828,0
51,Trần Văn Quân,student146@example.com,4,Khóa học C++,99,27,0.5555555555555556,6.082352941176471,17,0.6470588235294118,7,0.5648896759728942,-3.170928936799243e-07,50.588235294117645,0,8,0.9,5.592592592592594,0
52,Lê Thị Quỳnh,student147@example.com,1,Khóa học JavaScript,112,27,0.0,8.46470588235294,17,0.0,8,0.8202877375155248,-5.937920964251093e-08,0.0,0,8,0.9,8.525925925925925,0
52,Lê Thị Quỳnh,student147@example.com,2,Khóa học Java,112,29,0.1724137931034483,8.644444444444444,18,0.16666666666666666,7,0.8693690063119356,-3.8817443804311114e-07,6.0,1,9,0.9666666666666667,8.513793103448275,0
52,Lê Thị Quỳnh,student147@example.com,3,Khóa học Python,112,26,0.0,8.556250000000002,16,0.0,7,0.8645582325673616,-1.7743247435784844e-07,0.0,1,5,0.8666666666666667,8.546153846153848,0
52,Lê Thị Quỳnh,student147@example.com,4,Khóa học C++,112,30,0.03333333333333333,8.7,18,0.05555555555555555,7,0.7180219742846006,3.3890483735182325e-07,1.5,0,8,1.0,8.459999999999999,0
53,Phạm Văn Sơn,student148@example.com,1,Khóa học JavaScript,117,30,0.1,8.388888888888888,18,0.1111111111111111,7,0.9338622839755862,-4.5707675036639655e-08,3.2222222222222223,1,8,1.0,8.376666666666667,0
53,Phạm Văn Sơn,student148@example.com,2,Khóa học Java,117,29,0.06896551724137931,8.566666666666666,18,0.0,6,1.030641655582687,-1.7790735246083472e-07,0.0,0,6,0.9666666666666667,8.46206896551724,0
53,Phạm Văn Sơn,student148@example.com,3,Khóa học Python,117,28,0.17857142857142858,8.511764705882353,17,0.23529411764705882,7,0.8470588235294116,-2.182747946878768e-07,6.823529411764706,1,9,0.9333333333333333,8.624999999999998,0
53,Phạm Văn Sơn,student148@example.com,4,Khóa học C++,117,30,0.03333333333333333,8.255555555555556,18,0.0,7,0.925095924288829,-2.1373850869338003e-08,0.0,2,7,1.0,8.353333333333333,0
54,Hoàng Thị Sen,student149@example.com,1,Khóa học JavaScript,113,29,0.13793103448275862,8.483333333333333,18,0.1111111111111111,6,0.9148466781075637,-1.2875435136811887e-07,4.555555555555555,0,10,0.9666666666666667,8.544827586206896,0
54,Hoàng Thị Sen,student149@example.com,2,Khóa học Java,113,27,0.14814814814814814,8.641176470588235,17,0.11764705882352941,8,0.8745142002879025,-1.8057081371165066e-07,4.764705882352941,1,8,0.9,8.455555555555556,0
54,Hoàng Thị Sen,student149@example.com,3,Khóa học Python,113,28,0.14285714285714285,8.382352941176471,17,0.11764705882352941,7,0.7778063376972046,4.0452543280984004e-08,3.2941176470588234,0,7,0.9333333333333333,8.332142857142857,0
54,Hoàng Thị Sen,student149@example.com,4,Khóa học C++,113,29,0.10344827586206896,8.538888888888888,18,0.05555555555555555,6,0.7364621804341867,-1.3471442474312241e-07,3.055555555555556,2,7,0.9666666666666667,8.4551724137931,0
55,Bùi Văn Thành,student150@example.com,1,Khóa học JavaScript,68,19,0.3157894736842105,4.633333333333333,12,0.25,6,0.6128258770283411,-4.009926196219426e-07,51.666666666666664,1,2,0.6333333333333333,3.842105263157894,1
55,Bùi Văn Thành,student150@example.com,2,Khóa học Java,68,17,0.4117647058823529,3.9909090909090916,11,0.6363636363636364,6,1.118809875354201,-8.050929886329442e-07,84.45454545454545,1,6,0.5666666666666667,3.064705882352942,1
55,Bùi Văn Thành,student150@example.com,3,Khóa học Python,68,17,0.4117647058823529,4.363636363636364,11,0.5454545454545454,7,0.66915513525738,-4.922366699636544e-07,72.27272727272727,0,4,0.5666666666666667,3.611764705882353,1
55,Bùi Văn Thành,student150@example.com,4,Khóa học C++,68,15,0.4,4.866666666666666,9,0.5555555555555556,4,0.6497862896539307,-1.024691321820035e-06,70.88888888888889,0,2,0.5,4.0,1
56,Phan Thị Thanh,student151@example.com,1,Khóa học JavaScript,78,19,0.5263157894736842,4.116666666666666,12,0.6666666666666666,7,1.0573814617041266,-6.81430757047614e-07,88.5,2,7,0.6333333333333333,3.0684210526315785,1
56,Phan Thị Thanh,student151@example.com,2,Khóa học Java,78,23,0.43478260869565216,4.542857142857142,14,0.5,6,0.7566035815351633,-3.937658516232596e-07,64.28571428571429,2,5,0.7666666666666667,3.4739130434782606,1
56,Phan Thị Thanh,student151@example.com,3,Khóa học Python,78,18,0.3888888888888889,4.6454545454545455,11,0.18181818181818182,6,0.6692786297929441,-4.793129444615931e-07,26.636363636363637,3,5,0.6,3.7722222222222226,1
56,Phan Thị Thanh,student151@example.com,4,Khóa học C++,78,18,0.3888888888888889,4.4363636363636365,11,0.2727272727272727,5,0.9058122696059018,-7.963201214590365e-07,51.72727272727273,1,4,0.6,3.5499999999999994,1
57,Đặng Văn Tiến,student152@example.com,1,Khóa học JavaScript,100,27,0.48148148148148145,6.229411764705882,17,0.35294117647058826,8,0.574727255909376,-3.439332204157335e-07,31.58823529411765,3,9,0.9,5.814814814814816,0
57,Đặng Văn Tiến,student152@example.com,2,Khóa học Java,100,26,0.46153846153846156,5.89375,16,0.3125,7,0.5505324127605928,-3.91848050826487e-07,40.5625,2,9,0.8666666666666667,5.473076923076922,0
57,Đặng Văn Tiến,student152@example.com,3,Khóa học Python,100,24,0.6666666666666666,6.1466666666666665,15,0.7333333333333333,6,0.5713920623257635,-3.724942479788869e-07,86.46666666666667,1,8,0.8,5.745833333333334,0
57,Đặng Văn Tiến,student152@example.com,4,Khóa học C++,100,23,0.4782608695652174,6.4071428571428575,14,0.35714285714285715,7,0.525716226704491,-4.15889514001692e-07,38.92857142857143,2,7,0.7666666666666667,5.85217391304348,0
58,Vũ Thị Thảo,student153@example.com,1,Khóa học JavaScript,74,18,0.4444444444444444,4.509090909090909,11,0.45454545454545453,6,0.8371537769615516,-5.411926632368261e-07,62.54545454545455,2,5,0.6,3.4999999999999996,1
58,Vũ Thị Thảo,student153@example.com,2,Khóa học Java,74,19,0.3157894736842105,4.516666666666667,12,0.4166666666666667,7,0.8029459646963939,-4.925828254650574e-07,58.0,0,3,0.6333333333333333,3.8052631578947382,1
58,Vũ Thị Thảo,student153@example.com,3,Khóa học Python,74,21,0.38095238095238093,4.615384615384615,13,0.38461538461538464,5,0.7346858604937673,-6.834609652799579e-07,60.84615384615385,2,5,0.7,3.7666666666666666,1
58,Vũ Thị Thảo,student153@example.com,4,Khóa học C++,74,16,0.4375,4.17,10,0.5,7,1.3827870407260838,-9.97038133128291e-07,43.1,1,3,0.5333333333333333,3.2124999999999995,1
59,Nguyễn Văn Thịnh,student154@example.com,1,Khóa học JavaScript,115,28,0.07142857142857142,8.829411764705881,17,0.0,7,0.8237394690087204,9.984492325421316e-08,0.0,1,8,0.9333333333333333,8.703571428571427,0
59,Nguyễn Văn Thịnh,student154@example.com,2,Khóa học Java,115,30,0.16666666666666666,8.66111111111111,18,0.16666666666666666,7,0.8124988129146125,-8.795551009304791e-08,8.722222222222221,1,10,1.0,8.68,0
59,Nguyễn Văn Thịnh,student154@example.com,3,Khóa học Python,115,27,0.07407407407407407,8.6,17,0.058823529411764705,7,0.9455779434075349,-2.3061771718568808e-07,1.4705882352941175,2,7,0.9,8.562962962962963,0
59,Nguyễn Văn Thịnh,student154@example.com,4,Khóa học C++,115,30,0.06666666666666667,8.627777777777778,18,0.05555555555555555,7,0.9200275089821777,-6.587253376336277e-08,2.888888888888889,2,8,1.0,8.566666666666666,0
60,Trần Thị Thúy,student155@example.com,1,Khóa học JavaScript,89,21,0.38095238095238093,4.2846153846153845,13,0.38461538461538464,6,0.794060793880858,-6.009682954811822e-07,36.38461538461539,0,6,0.7,3.0857142857142854,1
60,Trần Thị Thúy,student155@example.com,2,Khóa học Java,89,24,0.5,4.3933333333333335,15,0.4,6,0.6392356546863,-5.857273378733361e-07,54.46666666666667,1,5,0.8,3.2541666666666664,1
60,Trần Thị Thúy,student155@example.com,3,Khóa học Python,89,23,0.4782608695652174,4.5285714285714285,14,0.5,6,0.7045044574821688,-2.999300950329685e-07,61.07142857142857,0,8,0.7666666666666667,3.4521739130434783,1
60,Trần Thị Thúy,student155@example.com,4,Khóa học C++,89,21,0.38095238095238093,4.430769230769231,13,0.38461538461538464,8,0.7161699576804548,-2.563539814570803e-07,57.0,1,6,0.7,3.385714285714286,1
61,Lê Văn Tài,student156@example.com,1,Khóa học JavaScript,113,28,0.14285714285714285,8.405882352941175,17,0.17647058823529413,7,0.8999807764190713,-4.6509247216974065e-07,5.0588235294117645,1,7,0.9333333333333333,8.453571428571427,0
61,Lê Văn Tài,student156@example.com,2,Khóa học Java,113,28,0.14285714285714285,8.429411764705883,17,0.11764705882352941,7,0.7505015623939161,1.0479948636929842e-07,6.176470588235294,1,9,0.9333333333333333,8.42142857142857,0
61,Lê Văn Tài,student156@example.com,3,Khóa học Python,113,28,0.14285714285714285,8.47058823529412,17,0.17647058823529413,8,1.0039713529322691,8.159241822847863e-08,9.294117647058824,1,8,0.9333333333333333,8.6,0
61,Lê Văn Tài,student156@example.com,4,Khóa học C++,113,29,0.06896551724137931,8.327777777777776,18,0.1111111111111111,7,0.8998799645604318,4.9411312637018525e-08,4.5,1,7,0.9666666666666667,8.265517241379309,0
62,Phạm Thị Trang,student157@example.com,1,Khóa học JavaScript,81,20,0.2,4.191666666666667,12,0.25,6,1.0315508820325943,-9.245343951699667e-07,33.166666666666664,1,4,0.6666666666666666,3.0600000000000005,1
62,Phạm Thị Trang,student157@example.com,2,Khóa học Java,81,23,0.43478260869565216,4.507142857142857,14,0.5714285714285714,6,0.6902010946241739,-5.545860037644777e-07,85.0,0,5,0.7666666666666667,3.404347826086956,1
62,Phạm Thị Trang,student157@example.com,3,Khóa học Python,81,15,0.4666666666666667,4.433333333333334,9,0.4444444444444444,6,0.8124038404635964,-6.389277474430357e-07,65.66666666666667,2,5,0.5,3.433333333333334,1
62,Phạm Thị Trang,student157@example.com,4,Khóa học C++,81,23,0.30434782608695654,4.578571428571428,14,0.35714285714285715,5,0.7475470089648172,-7.05959181544644e-07,57.07142857142857,2,6,0.7666666666666667,3.547826086956521,1
63,Hoàng Văn Trường,student158@example.com,1,Khóa học JavaScript,118,29,0.10344827586206896,8.833333333333334,18,0.1111111111111111,7,0.6540472290116198,7.450270910343795e-08,4.777777777777778,2,9,0.9666666666666667,8.548275862068966,0
63,Hoàng Văn Trường,student158@example.com,2,Khóa học Java,118,30,0.13333333333333333,8.972222222222221,18,0.2222222222222222,7,0.7014315168564261,1.3626282029624256e-07,8.777777777777779,0,8,1.0,8.586666666666666,0
63,Hoàng Văn Trường,student158@example.com,3,Khóa học Python,118,30,0.0,8.466666666666667,18,0.0,7,0.7824463062870336,3.43681734902147e-08,0.0,1,8,1.0,8.303333333333333,0
63,Hoàng Văn Trường,student158@example.com,4,Khóa học C++,118,29,0.13793103448275862,8.45,18,0.1111111111111111,8,0.9154537429906306,-2.47786735989649e-07,3.2222222222222223,1,8,0.9666666666666667,8.582758620689656,0
64,Bùi Thị Tâm,student159@example.com,1,Khóa học JavaScript,72,21,0.47619047619047616,4.26923076923077,13,0.46153846153846156,7,1.0041334690511214,-6.040544626757227e-07,85.23076923076923,3,7,0.7,3.2571428571428567,1
64,Bùi Thị Tâm,student159@example.com,2,Khóa học Java,72,17,0.5294117647058824,4.472727272727273,11,0.7272727272727273,5,0.7604913592132502,-5.858709635486707e-07,71.36363636363636,0,3,0.5666666666666667,3.870588235294118,1
64,Bùi Thị Tâm,student159@example.com,3,Khóa học Python,72,16,0.25,4.380000000000001,10,0.3,6,0.6881860213634106,-4.4665268877535993e-07,53.9,0,2,0.5333333333333333,3.6812500000000004,1
64,Bùi Thị Tâm,student159@example.com,4,Khóa học C++,72,18,0.3333333333333333,4.663636363636364,11,0.5454545454545454,6,0.558036700117193,-4.4578294390872055e-07,100.45454545454545,0,5,0.6,3.572222222222222,1
65,Phan Văn Tùng,student160@example.com,1,Khóa học JavaScript,71,18,0.2777777777777778,4.3545454545454545,11,0.18181818181818182,5,0.6155022138113,-4.2061971637186726e-07,29.0,0,4,0.6,3.55,1
65,Phan Văn Tùng,student160@example.com,2,Khóa học Java,71,18,0.4444444444444444,4.354545454545455,11,0.5454545454545454,7,0.8627267937540583,-4.606736999946804e-07,122.36363636363636,1,7,0.6,3.1722222222222225,1
65,Phan Văn Tùng,student160@example.com,3,Khóa học Python,71,19,0.3157894736842105,4.525,12,0.5,5,0.7800908066800087,-6.200024159286299e-07,83.66666666666667,0,4,0.6333333333333333,3.5789473684210535,1
65,Phan Văn Tùng,student160@example.com,4,Khóa học C++,71,16,0.5625,4.58,10,0.6,5,0.6079473661428264,-3.9779331237128526e-07,99.7,0,3,0.5333333333333333,3.91875,1
66,Đặng Thị Vân,student161@example.com,1,Khóa học JavaScript,101,23,0.4782608695652174,6.271428571428571,14,0.5714285714285714,6,0.5188291370667112,-3.5934051471896723e-07,47.07142857142857,1,8,0.7666666666666667,5.734782608695651,0
66,Đặng Thị Vân,student161@example.com,2,Khóa học Java,101,27,0.5925925925925926,6.158823529411765,17,0.5882352941176471,8,0.49116766459172034,-1.9602832886961676e-07,59.294117647058826,4,8,0.9,5.685185185185184,0
66,Đặng Thị Vân,student161@example.com,3,Khóa học Python,101,24,0.75,6.3066666666666675,15,0.7333333333333333,6,0.45087569117095777,-2.898757443355717e-07,55.6,2,7,0.8,5.841666666666666,0
66,Đặng Thị Vân,student161@example.com,4,Khóa học C++,101,27,0.5555555555555556,6.194117647058824,17,0.5294117647058824,6,0.46459417868183855,-2.6270933177788325e-07,70.52941176470588,3,7,0.9,5.818518518518517,0
67,Vũ Văn Việt,student162@example.com,1,Khóa học JavaScript,94,24,0.375,4.56,15,0.5333333333333333,7,0.6760670578179847,-4.971694798339889e-07,47.266666666666666,2,6,0.8,3.4791666666666665,1
67,Vũ Văn Việt,student162@example.com,2,Khóa học Java,94,24,0.4166666666666667,4.246666666666666,15,0.4666666666666667,7,0.7931932649459114,-5.242086553956315e-07,50.53333333333333,2,5,0.8,3.316666666666666,1
67,Vũ Văn Việt,student162@example.com,3,Khóa học Python,94,22,0.13636363636363635,4.2,14,0.14285714285714285,7,0.9599107101332767,-6.706845293313704e-07,24.428571428571427,0,6,0.7333333333333333,3.309090909090909,1
67,Vũ Văn Việt,student162@example.com,4,Khóa học C++,94,24,0.5833333333333334,4.2,15,0.5333333333333333,8,0.68507907086214,-3.771005558788117e-07,76.13333333333334,1,9,0.8,3.170833333333333,1
68,Nguyễn Thị Yến,student163@example.com,1,Khóa học JavaScript,107,28,0.14285714285714285,8.600000000000001,17,0.17647058823529413,7,0.6859943405700356,-2.0757460891772114e-07,6.176470588235294,2,7,0.9333333333333333,8.6,0
68,Nguyễn Thị Yến,student163@example.com,2,Khóa học Java,107,28,0.07142857142857142,8.229411764705883,17,0.058823529411764705,7,0.9814543265764891,-1.5045441665686432e-07,1.8235294117647058,1,7,0.9333333333333333,8.425,0
68,Nguyễn Thị Yến,student163@example.com,3,Khóa học Python,107,24,0.16666666666666666,8.500000000000002,15,0.2,6,0.9143303560529968,6.28338411414002e-08,10.266666666666667,1,7,0.8,8.420833333333333,0
68,Nguyễn Thị Yến,student163@example.com,4,Khóa học C++,107,27,0.037037037037037035,8.21764705882353,17,0.058823529411764705,8,0.7927875571214797,1.869792113858691e-07,3.0588235294117645,0,7,0.9,8.25925925925926,0
69,Trần Văn An,student164@example.com,1,Khóa học JavaScript,111,27,0.07407407407407407,8.894117647058824,17,0.11764705882352941,8,0.8263816154746324,1.5853570281297996e-07,4.588235294117647,0,8,0.9,8.766666666666667,0
69,Trần Văn An,student164@example.com,2,Khóa học Java,111,28,0.07142857142857142,9.005882352941176,17,0.058823529411764705,6,0.7066662314202915,9.093671655774077e-08,3.0588235294117645,1,7,0.9333333333333333,8.710714285714285,0
69,Trần Văn An,student164@example.com,3,Khóa học Python,111,27,0.1111111111111111,9.011764705882355,17,0.11764705882352941,6,0.724270304546889,-1.7602811260191617e-07,4.823529411764706,1,7,0.9,8.68888888888889,0
69,Trần Văn An,student164@example.com,4,Khóa học C++,111,29,0.10344827586206896,8.655555555555555,18,0.05555555555555555,7,0.9546507344004707,-1.5482004227420325e-07,1.7222222222222223,0,8,0.9666666666666667,8.437931034482759,0
70,Lê Thị Ánh,student165@example.com,1,Khóa học JavaScript,78,19,0.3157894736842105,4.566666666666666,12,0.3333333333333333,7,0.8117197107923946,-6.376293259077057e-07,44.166666666666664,1,5,0.6333333333333333,3.568421052631579,1
70,Lê Thị Ánh,student165@example.com,2,Khóa học Java,78,22,0.22727272727272727,4.464285714285714,14,0.2857142857142857,6,0.783405699363949,-3.9276815590087583e-07,47.642857142857146,0,4,0.7333333333333333,3.5772727272727263,1
70,Lê Thị Ánh,student165@example.com,3,Khóa học Python,78,18,0.2777777777777778,4.4,11,0.36363636363636365,6,0.7019453488180352,-4.1794976601188266e-07,56.63636363636363,0,2,0.6,3.6166666666666663,1
70,Lê Thị Ánh,student165@example.com,4,Khóa học C++,78,19,0.3157894736842105,4.591666666666667,12,0.3333333333333333,4,0.6787959110726056,-6.440852320798431e-07,37.666666666666664,1,4,0.6333333333333333,3.836842105263159,1
71,Phạm Văn Bình,student166@example.com,1,Khóa học JavaScript,112,29,0.13793103448275862,8.594444444444445,18,0.05555555555555555,7,0.8030997047705031,1.1830128622629564e-07,2.888888888888889,3,8,0.9666666666666667,8.406896551724138,0
71,Phạm Văn Bình,student166@example.com,2,Khóa học Java,112,29,0.10344827586206896,8.894444444444446,18,0.0,7,0.856655137550321,-2.420777051339644e-07,0.0,2,6,0.9666666666666667,8.762068965517242,0
71,Phạm Văn Bình,student166@example.com,3,Khóa học Python,112,29,0.20689655172413793,8.588888888888889,18,0.3333333333333333,6,0.8849914556328832,2.872755349094164e-07,12.277777777777779,1,7,0.9666666666666667,8.817241379310344,0
71,Phạm Văn Bình,student166@example.com,4,Khóa học C++,112,25,0.04,8.326666666666666,15,0.06666666666666667,7,0.8621420352174514,-1.7278228026926278e-07,3.466666666666667,1,8,0.8333333333333334,8.484,0
72,Hoàng Thị Châu,student167@example.com,1,Khóa học JavaScript,76,21,0.19047619047619047,4.146153846153846,13,0.07692307692307693,8,1.2591910618240245,-7.601855230190364e-07,19.0,2,8,0.7,3.119047619047619,1
72,Hoàng Thị Châu,student167@example.com,2,Khóa học Java,76,16,0.4375,4.869999999999999,10,0.6,5,0.556866231693034,-4.640644139204052e-07,96.6,0,1,0.5333333333333333,4.393750000000001,1
72,Hoàng Thị Châu,student167@example.com,3,Khóa học Python,76,20,0.55,4.358333333333333,12,0.6666666666666666,6,0.5751207602659539,-4.3581737759615524e-07,63.0,1,5,0.6666666666666666,3.2900000000000005,1
72,Hoàng Thị Châu,student167@example.com,4,Khóa học C++,76,19,0.42105263157894735,4.408333333333334,12,0.4166666666666667,7,0.7466127212655541,-5.040913089137851e-07,56.083333333333336,1,3,0.6333333333333333,3.4684210526315793,1
73,Bùi Văn Công,student168@example.com,1,Khóa học JavaScript,115,29,0.10344827586206896,8.533333333333335,18,0.1111111111111111,7,0.9763879010584537,2.7012763503408037e-07,3.3333333333333335,1,8,0.9666666666666667,8.527586206896554,0
73,Bùi Văn Công,student168@example.com,2,Khóa học Java,115,29,0.10344827586206896,8.68888888888889,18,0.1111111111111111,8,0.862096210723148,-1.281790712005055e-07,5.944444444444445,1,8,0.9666666666666667,8.682758620689656,0
73,Bùi Văn Công,student168@example.com,3,Khóa học Python,115,28,0.17857142857142858,8.723529411764707,17,0.058823529411764705,7,0.8306832140329574,-6.323418622801311e-08,1.4705882352941175,3,9,0.9333333333333333,8.710714285714287,0
73,Bùi Văn Công,student168@example.com,4,Khóa học C++,115,29,0.06896551724137931,8.472222222222221,18,0.05555555555555555,7,0.9415150648205001,3.252632471861359e-07,2.888888888888889,1,8,0.9666666666666667,8.348275862068967,0
74,Phan Thị Diễm,student169@example.com,1,Khóa học JavaScript,99,20,0.6,6.3500000000000005,12,0.6666666666666666,6,0.4752192476461085,-1.77793913060718e-07,74.58333333333333,0,3,0.6666666666666666,5.905,0
74,Phan Thị Diễm,student169@example.com,2,Khóa học Java,99,25,0.68,6.28,15,0.6666666666666666,5,0.44151255172795867,-2.6616930047219224e-07,78.86666666666666,1,6,0.8333333333333334,5.691999999999999,0
74,Phan Thị Diễm,student169@example.com,3,Khóa học Python,99,27,0.5925925925925926,6.105882352941175,17,0.7058823529411765,7,0.6225853007800652,-3.9285559919309123e-07,69.58823529411765,3,9,0.9,5.603703703703703,0
74,Phan Thị Diễm,student169@example.com,4,Khóa học C++,99,27,0.7407407407407407,6.199999999999999,17,0.7647058823529411,7,0.5970515792084415,-3.1109539196700006e-07,72.82352941176471,1,11,0.9,5.722222222222223,0
75,Đặng Văn Đức,student170@example.com,1,Khóa học JavaScript,81,20,0.25,4.358333333333333,12,0.16666666666666666,5,0.69337139318614,-6.353686506119217e-07,31.333333333333332,2,6,0.6666666666666666,3.3699999999999997,1
75,Đặng Văn Đức,student170@example.com,2,Khóa học Java,81,20,0.3,4.474999999999999,12,0.25,7,0.5051814855409221,-1.774669825106395e-07,52.833333333333336,1,6,0.6666666666666666,3.4849999999999985,1
75,Đặng Văn Đức,student170@example.com,3,Khóa học Python,81,22,0.45454545454545453,3.7357142857142867,14,0.5714285714285714,6,1.2390129382796982,-8.396608352275557e-07,50.07142857142857,2,7,0.7333333333333333,2.8681818181818186,1
75,Đặng Văn Đức,student170@example.com,4,Khóa học C++,81,19,0.47368421052631576,4.625,12,0.5,5,0.7562241731127088,-6.081897999954131e-07,78.5,1,6,0.6333333333333333,3.6631578947368424,1
76,Vũ Thị Duyên,student171@example.com,1,Khóa học JavaScript,116,27,0.18518518518518517,8.311764705882355,17,0.058823529411764705,6,0.721829662928684,-1.1074577822453007e-07,2.9411764705882355,1,9,0.9,8.240740740740742,0
76,Vũ Thị Duyên,student171@example.com,2,Khóa học Java,116,30,0.06666666666666667,8.255555555555555,18,0.1111111111111111,7,0.9322745317068013,-2.8456623079745224e-07,5.444444444444445,1,9,1.0,8.236666666666668,0
76,Vũ Thị Duyên,student171@example.com,3,Khóa học Python,116,30,0.16666666666666666,8.405555555555557,18,0.2222222222222222,7,0.9512986575216369,1.5289375910463606e-07,10.38888888888889,1,8,1.0,8.376666666666667,0
76,Vũ Thị Duyên,student171@example.com,4,Khóa học C++,116,29,0.1724137931034483,9.055555555555555,18,0.16666666666666666,7,0.6609943874549267,-1.1017622246922596e-07,7.5,1,8,0.9666666666666667,8.782758620689656,0
77,Nguyễn Văn Giang,student172@example.com,1,Khóa học JavaScript,98,24,0.5416666666666666,6.079999999999999,15,0.4,5,0.6410408203330995,-2.1858771705991589e-07,55.13333333333333,2,7,0.8,5.679166666666666,0
77,Nguyễn Văn Giang,student172@example.com,2,Khóa học Java,98,23,0.5652173913043478,6.378571428571429,14,0.5,7,0.49161333735913665,-3.3185605159836327e-07,57.357142857142854,1,6,0.7666666666666667,5.904347826086957,0
77,Nguyễn Văn Giang,student172@example.com,3,Khóa học Python,98,26,0.5769230769230769,6.175000000000001,16,0.6875,6,0.3648629879831607,-1.0375335982792811e-07,65.0,1,8,0.8666666666666667,5.638461538461538,0
77,Nguyễn Văn Giang,student172@example.com,4,Khóa học C++,98,25,0.68,6.220000000000001,15,0.7333333333333333,7,0.5552176750308542,-3.368796841069178e-07,87.93333333333334,3,9,0.8333333333333334,5.659999999999999,0
78,Trần Thị Hằng,student173@example.com,1,Khóa học JavaScript,78,17,0.4117647058823529,4.681818181818181,11,0.36363636363636365,7,0.5457574916292228,-2.6536037284197326e-07,45.63636363636363,1,5,0.5666666666666667,3.694117647058823,1
78,Trần Thị Hằng,student173@example.com,2,Khóa học Java,78,22,0.45454545454545453,4.385714285714285,14,0.42857142857142855,6,0.7069624589519213,-3.769866910166484e-07,68.64285714285714,0,5,0.7333333333333333,3.563636363636363,1
78,Trần Thị Hằng,student173@example.com,3,Khóa học Python,78,16,0.375,4.42,10,0.4,5,0.733212111192934,-5.895467205231293e-07,38.0,0,3,0.5333333333333333,3.3437499999999996,1
78,Trần Thị Hằng,student173@example.com,4,Khóa học C++,78,23,0.34782608695652173,4.385714285714286,14,0.2857142857142857,7,0.586584719075652,-3.191946242633052e-07,32.5,2,4,0.7666666666666667,3.569565217391305,1
79,Lê Văn Hải,student174@example.com,1,Khóa học JavaScript,78,20,0.5,4.558333333333334,12,0.5,8,0.46270641039672494,-2.2923391188075039e-07,62.083333333333336,1,6,0.6666666666666666,3.46,1
79,Lê Văn Hải,student174@example.com,2,Khóa học Java,78,18,0.4444444444444444,4.309090909090909,11,0.6363636363636364,6,0.6171113726718958,-4.146784645144452e-07,79.45454545454545,1,5,0.6,3.266666666666667,1
79,Lê Văn Hải,student174@example.com,3,Khóa học Python,78,16,0.5625,4.55,10,0.8,7,0.7351870510285121,-4.964501988825387e-07,128.7,1,4,0.5333333333333333,3.5375,1
79,Lê Văn Hải,student174@example.com,4,Khóa học C++,78,24,0.4166666666666667,4.540000000000001,15,0.4,8,0.6280127387243035,-3.715296918055381e-07,53.06666666666667,1,6,0.8,3.433333333333335,1
80,Phạm Thị Hòa,student175@example.com,1,Khóa học JavaScript,115,30,0.13333333333333333,8.449999999999998,18,0.1111111111111111,7,0.883333333333333,-1.5934692127365012e-07,4.555555555555555,0,7,1.0,8.503333333333332,0
80,Phạm Thị Hòa,student175@example.com,2,Khóa học Java,115,27,0.14814814814814814,8.876470588235296,17,0.058823529411764705,5,0.8249986893142571,3.745868355409381e-07,3.0,1,5,0.9,8.72962962962963,0
80,Phạm Thị Hòa,student175@example.com,3,Khóa học Python,115,29,0.20689655172413793,8.594444444444441,18,0.1111111111111111,7,0.7589995038954769,-9.802782683931882e-08,4.333333333333333,2,8,0.9666666666666667,8.548275862068964,0
80,Phạm Thị Hòa,student175@example.com,4,Khóa học C++,115,29,0.0,8.422222222222222,18,0.0,7,1.002527669640625,-2.5997064321137185e-07,0.0,1,7,0.9666666666666667,8.424137931034481,0
81,Hoàng Văn Huy,student176@example.com,1,Khóa học JavaScript,78,18,0.6666666666666666,4.6090909090909085,11,0.5454545454545454,4,0.6082083157700992,-5.809280865215148e-07,79.63636363636364,0,4,0.6,3.644444444444444,1
81,Hoàng Văn Huy,student176@example.com,2,Khóa học Java,78,19,0.47368421052631576,3.9666666666666663,12,0.5833333333333334,6,1.2364824660660936,-7.08124219030092e-07,76.58333333333333,1,7,0.6333333333333333,3.0736842105263156,1
81,Hoàng Văn Huy,student176@example.com,3,Khóa học Python,78,18,0.4444444444444444,4.3,11,0.36363636363636365,6,0.7710677366778191,-5.495504164566048e-07,56.36363636363637,0,4,0.6,3.3,1
81,Hoàng Văn Huy,student176@example.com,4,Khóa học C++,78,23,0.43478260869565216,4.5928571428571425,14,0.6428571428571429,5,0.4415302703007311,-2.844118609598524e-07,81.71428571428571,1,5,0.7666666666666667,3.391304347826087,1
82,Bùi Thị Hương,student177@example.com,1,Khóa học JavaScript,79,21,0.3333333333333333,4.384615384615385,13,0.3076923076923077,5,0.8600949445319789,-8.795477597752612e-07,42.23076923076923,1,5,0.7,3.5476190476190474,1
82,Bùi Thị Hương,student177@example.com,2,Khóa học Java,79,19,0.3157894736842105,4.325,12,0.3333333333333333,6,0.6152573987094071,-3.446337626169373e-07,49.416666666666664,1,5,0.6333333333333333,3.4315789473684206,1
82,Bùi Thị Hương,student177@example.com,3,Khóa học Python,79,20,0.35,4.65,12,0.3333333333333333,6,0.3685557397915998,-3.109198224291427e-07,20.083333333333332,1,3,0.6666666666666666,3.6149999999999998,1
82,Bùi Thị Hương,student177@example.com,4,Khóa học C++,79,19,0.21052631578947367,4.533333333333334,12,0.08333333333333333,6,0.4988876515698591,-3.386957634973426e-07,10.083333333333334,0,6,0.6333333333333333,3.594736842105264,1
83,Phan Văn Khải,student178@example.com,1,Khóa học JavaScript,113,30,0.06666666666666667,8.488888888888887,18,0.05555555555555555,7,0.8943581738933664,2.5658439847488045e-07,1.6666666666666667,1,8,1.0,8.526666666666667,0
83,Phan Văn Khải,student178@example.com,2,Khóa học Java,113,28,0.07142857142857142,8.541176470588237,17,0.11764705882352941,7,0.8745142002879027,1.0939755304705516e-07,6.0588235294117645,1,7,0.9333333333333333,8.45357142857143,0
83,Phan Văn Khải,student178@example.com,3,Khóa học Python,113,25,0.0,8.566666666666666,15,0.0,6,0.6798692684790381,2.018336239514741e-07,0.0,0,7,0.8333333333333334,8.651999999999997,0
83,Phan Văn Khải,student178@example.com,4,Khóa học C++,113,30,0.03333333333333333,8.488888888888887,18,0.0,7,0.75857240838659,1.257056553860567e-07,0.0,1,7,1.0,8.459999999999999,0
84,Đặng Thị Liên,student179@example.com,1,Khóa học JavaScript,112,29,0.10344827586206896,8.200000000000001,18,0.16666666666666666,7,0.8550503558920444,-1.077027541312521e-07,4.388888888888889,1,8,0.9666666666666667,8.348275862068967,0
84,Đặng Thị Liên,student179@example.com,2,Khóa học Java,112,28,0.14285714285714285,8.488235294117645,17,0.11764705882352941,6,0.8857581351861482,1.1500394073630307e-07,3.2941176470588234,2,8,0.9333333333333333,8.339285714285714,0
84,Đặng Thị Liên,student179@example.com,3,Khóa học Python,112,25,0.12,8.573333333333332,15,0.13333333333333333,6,0.9161271139361002,-2.6732139937151964e-07,4.0,1,8,0.8333333333333334,8.596,0
84,Đặng Thị Liên,student179@example.com,4,Khóa học C++,112,30,0.16666666666666666,8.4,18,0.05555555555555555,7,0.761577310586391,1.4326434331727187e-07,1.5555555555555556,0,8,1.0,8.483333333333333,0
85,Vũ Văn Lâm,student180@example.com,1,Khóa học JavaScript,103,27,0.6666666666666666,6.152941176470588,17,0.7058823529411765,5,0.6580878245151528,-5.45249451718175e-07,81.11764705882354,2,8,0.9,5.818518518518518,0
85,Vũ Văn Lâm,student180@example.com,2,Khóa học Java,103,28,0.6785714285714286,6.035294117647059,17,0.5882352941176471,8,0.5433460347649642,-3.9408819166495285e-07,70.82352941176471,2,11,0.9333333333333333,5.610714285714286,0
85,Vũ Văn Lâm,student180@example.com,3,Khóa học Python,103,25,0.6,6.3533333333333335,15,0.5333333333333333,6,0.4047495796442811,-1.6830028214283157e-07,58.06666666666667,1,7,0.8333333333333334,5.8039999999999985,0
85,Vũ Văn Lâm,student180@example.com,4,Khóa học C++,103,23,0.7391304347826086,6.3428571428571425,14,0.7857142857142857,6,0.37931194421004993,-1.850784051207934e-07,95.21428571428571,4,9,0.7666666666666667,5.795652173913043,0
86,Nguyễn Thị Loan,student181@example.com,1,Khóa học JavaScript,83,21,0.38095238095238093,4.246153846153846,13,0.38461538461538464,5,0.9220507116167196,-5.406186568811943e-07,63.0,1,7,0.7,3.2095238095238097,1
86,Nguyễn Thị Loan,student181@example.com,2,Khóa học Java,83,20,0.3,4.5249999999999995,12,0.25,7,0.5973901572674257,-3.170935973812701e-07,36.75,0,5,0.6666666666666666,3.5500000000000007,1
86,Nguyễn Thị Loan,student181@example.com,3,Khóa học Python,83,22,0.45454545454545453,4.25,14,0.6428571428571429,9,0.6565603007884567,-3.524255845810135e-07,94.07142857142857,1,8,0.7333333333333333,3.159090909090909,1
86,Nguyễn Thị Loan,student181@example.com,4,Khóa học C++,83,20,0.25,4.383333333333334,12,0.08333333333333333,6,0.785104380887592,-6.9582922154794e-07,10.583333333333334,1,5,0.6666666666666666,3.4850000000000003,1
87,Trần Văn Minh,student182@example.com,1,Khóa học JavaScript,75,19,0.3684210526315789,4.574999999999999,12,0.25,7,0.6193074088582068,-3.9962695301159175e-07,45.25,0,6,0.6333333333333333,3.6315789473684204,1
87,Trần Văn Minh,student182@example.com,2,Khóa học Java,75,15,0.5333333333333333,4.266666666666667,9,0.6666666666666666,6,0.7788880963698613,-7.468122478112823e-07,79.77777777777777,2,3,0.5,3.3866666666666663,1
87,Trần Văn Minh,student182@example.com,3,Khóa học Python,75,20,0.1,4.733333333333333,12,0.08333333333333333,5,0.7509253550712542,-8.271184719293961e-07,20.583333333333332,0,4,0.6666666666666666,3.725,1
87,Trần Văn Minh,student182@example.com,4,Khóa học C++,75,21,0.5238095238095238,4.538461538461539,13,0.46153846153846156,8,0.675435428262006,-4.315029838955074e-07,74.3076923076923,2,7,0.7,3.504761904761905,1
88,Lê Thị My,student183@example.com,1,Khóa học JavaScript,83,21,0.3333333333333333,4.538461538461538,13,0.23076923076923078,6,0.46828403862228996,-3.7896746153873933e-07,36.23076923076923,4,5,0.7,3.5619047619047617,1
88,Lê Thị My,student183@example.com,2,Khóa học Java,83,23,0.391304347826087,4.385714285714286,14,0.2857142857142857,7,0.6988328462077149,-5.447291967832031e-07,37.142857142857146,3,6,0.7666666666666667,3.321739130434783,1
88,Lê Thị My,student183@example.com,3,Khóa học Python,83,20,0.4,4.683333333333333,12,0.3333333333333333,6,0.45061686115319255,-4.117413472882495e-07,41.25,1,7,0.6666666666666666,3.464999999999999,1
88,Lê Thị My,student183@example.com,4,Khóa học C++,83,19,0.3684210526315789,4.6499999999999995,12,0.5,6,0.6370504951205463,-5.637033621816996e-07,48.666666666666664,1,3,0.6333333333333333,3.7473684210526326,1
89,Phạm Văn Nam,student184@example.com,1,Khóa học JavaScript,84,22,0.5,4.542857142857143,14,0.42857142857142855,6,0.6883876458946722,-4.464309957006578e-07,48.214285714285715,2,6,0.7333333333333333,3.4909090909090916,1
89,Phạm Văn Nam,student184@example.com,2,Khóa học Java,84,22,0.4090909090909091,4.114285714285715,14,0.5,6,0.851768867757934,-4.828972865543516e-07,79.28571428571429,1,5,0.7333333333333333,3.2045454545454546,1
89,Phạm Văn Nam,student184@example.com,3,Khóa học Python,84,21,0.38095238095238093,4.2,13,0.38461538461538464,8,1.194860790089083,-6.881620732087196e-07,64.53846153846153,1,7,0.7,3.252380952380953,1
89,Phạm Văn Nam,student184@example.com,4,Khóa học C++,84,19,0.3684210526315789,4.258333333333333,12,0.25,5,0.9945336707332848,-9.788545984213675e-07,42.833333333333336,2,5,0.6333333333333333,3.168421052631578,1
90,Hoàng Thị Nga,student185@example.com,1,Khóa học JavaScript,112,28,0.07142857142857142,8.294117647058824,17,0.058823529411764705,6,0.7959238717921341,2.5582607478467566e-08,1.7647058823529411,1,8,0.9333333333333333,8.457142857142857,0
90,Hoàng Thị Nga,student185@example.com,2,Khóa học Java,112,27,0.07407407407407407,8.358823529411765,17,0.11764705882352941,7,0.9368651252852663,5.461133073220932e-07,6.176470588235294,1,5,0.9,8.26296296296296,0
90,Hoàng Thị Nga,student185@example.com,3,Khóa học Python,112,28,0.10714285714285714,8.658823529411766,17,0.058823529411764705,7,0.8029788829758792,1.1992319979273103e-07,1.647058823529412,1,8,0.9333333333333333,8.667857142857143,0
90,Hoàng Thị Nga,student185@example.com,4,Khóa học C++,112,29,0.10344827586206896,8.9,18,0.05555555555555555,7,0.8452481555403971,3.303119762692499e-07,1.777777777777778,1,8,0.9666666666666667,8.806896551724137,0
91,Bùi Văn Phúc,student186@example.com,1,Khóa học JavaScript,112,29,0.1724137931034483,8.46111111111111,18,0.2222222222222222,6,0.7882039279899367,-2.3341744110054725e-07,10.0,1,7,0.9666666666666667,8.662068965517243,0
91,Bùi Văn Phúc,student186@example.com,2,Khóa học Java,112,29,0.13793103448275862,8.15,18,0.16666666666666666,7,0.9962429422585641,-3.563525058643241e-07,5.666666666666667,0,8,0.9666666666666667,8.079310344827588,0
91,Bùi Văn Phúc,student186@example.com,3,Khóa học Python,112,26,0.07692307692307693,8.593750000000002,16,0.0625,7,0.867805241687327,1.8843633475844497e-08,1.875,1,6,0.8666666666666667,8.534615384615385,0
91,Bùi Văn Phúc,student186@example.com,4,Khóa học C++,112,28,0.14285714285714285,8.58235294117647,17,0.17647058823529413,6,0.9568547090630092,-3.2518352329354984e-09,7.529411764705882,2,7,0.9333333333333333,8.485714285714284,0
92,Phan Thị Phương,student187@example.com,1,Khóa học JavaScript,77,21,0.38095238095238093,4.3769230769230765,13,0.46153846153846156,6,0.7576825458176313,-5.889315753279394e-07,73.23076923076923,1,4,0.7,3.4904761904761905,1
92,Phan Thị Phương,student187@example.com,2,Khóa học Java,77,23,0.391304347826087,4.357142857142857,14,0.2857142857142857,7,0.9170716483259449,-5.917491811778394e-07,40.357142857142854,4,8,0.7666666666666667,3.286956521739131,1
92,Phan Thị Phương,student187@example.com,3,Khóa học Python,77,18,0.4444444444444444,4.363636363636363,11,0.45454545454545453,6,0.697101436824757,-4.805045377670018e-07,52.54545454545455,2,5,0.6,3.316666666666667,1
92,Phan Thị Phương,student187@example.com,4,Khóa học C++,77,15,0.26666666666666666,4.466666666666667,9,0.2222222222222222,6,0.5830951894845302,-3.5101345040451396e-07,33.111111111111114,1,3,0.5,3.3,1
93,Đặng Văn Quý,student188@example.com,1,Khóa học JavaScript,88,22,0.4090909090909091,4.014285714285714,14,0.42857142857142855,6,1.108961639718591,-8.014259978367331e-07,49.642857142857146,1,8,0.7333333333333333,3.0545454545454547,1
93,Đặng Văn Quý,student188@example.com,2,Khóa học Java,88,23,0.6086956521739131,4.571428571428571,14,0.5,6,0.4462999814803799,-2.0400201210605553e-07,83.42857142857143,4,8,0.7666666666666667,3.465217391304348,1
93,Đặng Văn Quý,student188@example.com,3,Khóa học Python,88,19,0.42105263157894735,4.191666666666667,12,0.25,6,0.7804468093484797,-6.776327883591428e-07,31.5,2,5,0.6333333333333333,3.28421052631579,1
93,Đặng Văn Quý,student188@example.com,4,Khóa học C++,88,24,0.4166666666666667,4.293333333333334,15,0.4,7,0.8209479615393145,-6.564334689950433e-07,45.266666666666666,1,7,0.8,3.2958333333333343,1
94,Vũ Thị Quỳnh,student189@example.com,1,Khóa học JavaScript,79,22,0.45454545454545453,4.385714285714285,14,0.5,6,0.7735420783246222,-5.804485815500412e-07,67.07142857142857,1,3,0.7333333333333333,3.5454545454545463,1
94,Vũ Thị Quỳnh,student189@example.com,2,Khóa học Java,79,18,0.4444444444444444,3.909090909090909,11,0.5454545454545454,8,1.1032633786384047,-6.320720493618076e-07,79.0909090909091,2,8,0.6,2.933333333333333,1
94,Vũ Thị Quỳnh,student189@example.com,3,Khóa học Python,79,21,0.38095238095238093,4.415384615384616,13,0.3076923076923077,5,0.9028554308382284,-7.312222389976494e-07,47.69230769230769,1,5,0.7,3.457142857142857,1
94,Vũ Thị Quỳnh,student189@example.com,4,Khóa học C++,79,18,0.3888888888888889,4.4727272727272736,11,0.36363636363636365,5,0.7604913592132504,-5.456021420848901e-07,38.54545454545455,2,2,0.6,3.5944444444444454,1
95,Nguyễn Văn Sang,student190@example.com,1,Khóa học JavaScript,80,19,0.42105263157894735,4.549999999999999,12,0.3333333333333333,7,0.5299371031861545,-1.6944762725665916e-07,57.833333333333336,3,4,0.6333333333333333,3.4894736842105263,1
95,Nguyễn Văn Sang,student190@example.com,2,Khóa học Java,80,19,0.2631578947368421,4.5,12,0.3333333333333333,5,0.6988085097745541,-4.0876497491977233e-07,51.416666666666664,0,3,0.6333333333333333,3.642105263157895,1
95,Nguyễn Văn Sang,student190@example.com,3,Khóa học Python,80,19,0.42105263157894735,4.2749999999999995,12,0.5,7,0.6893535619211183,-5.165999345538922e-07,45.5,2,5,0.6333333333333333,3.2105263157894735,1
95,Nguyễn Văn Sang,student190@example.com,4,Khóa học C++,80,23,0.391304347826087,4.621428571428572,14,0.42857142857142855,6,0.6836650928515172,-3.132719213039591e-07,82.35714285714286,3,6,0.7666666666666667,3.4434782608695653,1
96,Trần Thị Thanh,student191@example.com,1,Khóa học JavaScript,75,17,0.5294117647058824,4.318181818181818,11,0.7272727272727273,6,0.5339700056577606,-3.3209499069650884e-07,99.72727272727273,0,3,0.5666666666666667,3.552941176470588,1
96,Trần Thị Thanh,student191@example.com,2,Khóa học Java,75,19,0.10526315789473684,4.408333333333333,12,0.16666666666666666,6,0.5851756621353589,-3.857571917017841e-07,26.583333333333332,0,4,0.6333333333333333,3.4000000000000004,1
96,Trần Thị Thanh,student191@example.com,3,Khóa học Python,75,19,0.5263157894736842,4.2,12,0.6666666666666666,6,0.6258327785172861,-3.2281592478490934e-07,63.5,1,3,0.6333333333333333,3.136842105263158,1
96,Trần Thị Thanh,student191@example.com,4,Khóa học C++,75,20,0.25,4.525,12,0.3333333333333333,5,0.624666577730339,-4.594933607482788e-07,39.833333333333336,0,3,0.6666666666666666,3.575,1
97,Lê Văn Thắng,student192@example.com,1,Khóa học JavaScript,114,28,0.07142857142857142,8.66470588235294,17,0.058823529411764705,7,0.8094596429068033,2.00527638484579e-07,1.7058823529411764,1,6,0.9333333333333333,8.617857142857142,0
97,Lê Văn Thắng,student192@example.com,2,Khóa học Java,114,29,0.10344827586206896,8.544444444444444,18,0.1111111111111111,7,0.7492382963325874,8.058003390635602e-08,3.1666666666666665,1,7,0.9666666666666667,8.389655172413791,0
97,Lê Văn Thắng,student192@example.com,3,Khóa học Python,114,29,0.10344827586206896,8.533333333333333,18,0.16666666666666666,7,0.8660254037844389,-3.1955466817705733e-07,8.666666666666666,1,8,0.9666666666666667,8.565517241379311,0
97,Lê Văn Thắng,student192@example.com,4,Khóa học C++,114,28,0.10714285714285714,8.476470588235294,17,0.11764705882352941,7,0.8748306806023571,-2.869180749763623e-07,4.529411764705882,0,8,0.9333333333333333,8.364285714285714,0
98,Phạm Thị Thu,student193@example.com,1,Khóa học JavaScript,100,25,0.6,6.413333333333333,15,0.6666666666666666,6,0.5487764167268449,-5.111244776626118e-07,76.73333333333333,1,8,0.8333333333333334,5.803999999999999,0
98,Phạm Thị Thu,student193@example.com,2,Khóa học Java,100,22,0.5,6.328571428571428,14,0.5714285714285714,7,0.3672845752052126,-2.4794793230423106e-07,58.642857142857146,1,4,0.7333333333333333,5.831818181818182,0
98,Phạm Thị Thu,student193@example.com,3,Khóa học Python,100,28,0.6071428571428571,6.135294117647059,17,0.7058823529411765,7,0.5400884202888487,-3.213536056086453e-07,76.58823529411765,2,8,0.9333333333333333,5.635714285714286,0
98,Phạm Thị Thu,student193@example.com,4,Khóa học C++,100,25,0.68,6.106666666666667,15,0.7333333333333333,6,0.5246797965320267,-3.036746788407107e-07,89.13333333333334,2,7,0.8333333333333334,5.664,0
99,Hoàng Văn Tài,student194@example.com,1,Khóa học JavaScript,84,18,0.6111111111111112,4.472727272727273,11,0.5454545454545454,6,0.712346837242172,-4.926776853431741e-07,58.27272727272727,3,5,0.6,3.305555555555556,1
99,Hoàng Văn Tài,student194@example.com,2,Khóa học Java,84,19,0.3684210526315789,4.300000000000001,12,0.4166666666666667,4,0.7153087911291649,-6.1807541234015e-07,50.583333333333336,0,1,0.6333333333333333,3.5842105263157897,1
99,Hoàng Văn Tài,student194@example.com,3,Khóa học Python,84,21,0.5238095238095238,4.646153846153846,13,0.46153846153846156,7,0.5596913773409616,-3.9329875554872233e-07,69.92307692307692,1,5,0.7,3.657142857142856,1
99,Hoàng Văn Tài,student194@example.com,4,Khóa học C++,84,26,0.38461538461538464,4.3375,16,0.375,8,0.8572302782799966,-3.909382468388271e-07,51.1875,2,8,0.8666666666666667,3.226923076923077,1
100,Bùi Thị Trang,student195@example.com,1,Khóa học JavaScript,112,28,0.17857142857142858,8.823529411764708,17,0.29411764705882354,7,0.7817998929805242,4.4112833766531763e-07,11.411764705882353,0,7,0.9333333333333333,8.785714285714286,0
100,Bùi Thị Trang,student195@example.com,2,Khóa học Java,112,27,0.07407407407407407,8.323529411764708,17,0.11764705882352941,7,0.9219732111488512,-1.3984114630285958e-07,3.0588235294117645,2,7,0.9,8.374074074074075,0
100,Bùi Thị Trang,student195@example.com,3,Khóa học Python,112,29,0.10344827586206896,8.244444444444447,18,0.05555555555555555,7,0.8674497886347484,-1.0856452646624188e-07,1.6111111111111112,1,9,0.9666666666666667,8.389655172413795,0
100,Bùi Thị Trang,student195@example.com,4,Khóa học C++,112,28,0.10714285714285714,8.73529411764706,17,0.17647058823529413,7,0.7790953852880683,-6.685084769368042e-08,6.9411764705882355,0,6,0.9333333333333333,8.764285714285714,0
101,Phan Văn Tuấn,student196@example.com,1,Khóa học JavaScript,92,26,0.5384615384615384,6.143750000000001,16,0.5625,7,0.5074060873698703,-2.630893054538417e-07,66.5625,2,8,0.8666666666666667,5.615384615384615,0
101,Phan Văn Tuấn,student196@example.com,2,Khóa học Java,92,24,0.6666666666666666,6.219999999999999,15,0.6666666666666666,6,0.46504480070920695,-3.7736701125744376e-07,84.46666666666667,2,8,0.8,5.691666666666666,0
101,Phan Văn Tuấn,student196@example.com,3,Khóa học Python,92,21,0.47619047619047616,6.207692307692309,13,0.38461538461538464,5,0.5060579754891857,-3.9260268261804235e-07,28.076923076923077,1,5,0.7,5.833333333333333,0
101,Phan Văn Tuấn,student196@example.com,4,Khóa học C++,92,21,0.5714285714285714,6.084615384615386,13,0.6923076923076923,5,0.43296145475293263,-3.230759770767542e-07,60.92307692307692,1,4,0.7,5.828571428571429,0
102,Đặng Thị Tuyết,student197@example.com,1,Khóa học JavaScript,90,24,0.5416666666666666,6.286666666666666,15,0.6666666666666666,8,0.5596030339048883,-3.3636872086285717e-07,62.93333333333333,1,5,0.8,5.770833333333333,0
102,Đặng Thị Tuyết,student197@example.com,2,Khóa học Java,90,23,0.5652173913043478,6.278571428571427,14,0.5714285714285714,7,0.5045203824688655,-2.0682072409556178e-07,60.57142857142857,2,6,0.7666666666666667,5.76086956521739,0
102,Đặng Thị Tuyết,student197@example.com,3,Khóa học Python,90,22,0.5454545454545454,6.1071428571428585,14,0.5714285714285714,7,0.531123184143466,-3.495440835250677e-07,70.21428571428571,2,7,0.7333333333333333,5.590909090909093,0
102,Đặng Thị Tuyết,student197@example.com,4,Khóa học C++,90,21,0.5238095238095238,6.415384615384615,13,0.6923076923076923,4,0.40732930138073015,-1.8135770747673764e-07,65.46153846153847,0,5,0.7,5.828571428571429,0
103,Vũ Văn Vinh,student198@example.com,1,Khóa học JavaScript,113,29,0.10344827586206896,8.97777777777778,18,0.05555555555555555,7,0.9449018500208579,-7.636323276788125e-08,1.777777777777778,2,8,0.9666666666666667,8.486206896551726,0
103,Vũ Văn Vinh,student198@example.com,2,Khóa học Java,113,27,0.07407407407407407,8.68235294117647,17,0.11764705882352941,8,0.7800718625400124,-8.489255944144217e-08,4.647058823529412,0,8,0.9,8.477777777777776,0
103,Vũ Văn Vinh,student198@example.com,3,Khóa học Python,113,28,0.14285714285714285,8.311764705882354,17,0.17647058823529413,6,0.9361261559911657,2.233501235436874e-07,6.352941176470588,1,7,0.9333333333333333,8.575000000000001,0
103,Vũ Văn Vinh,student198@example.com,4,Khóa học C++,113,29,0.10344827586206896,8.805555555555557,18,0.1111111111111111,5,0.8481825158814075,-1.5098814652398082e-08,3.111111111111111,0,7,0.9666666666666667,8.73793103448276,0
